favorite,underdog,fav_home,fav_score,und_score,spread,ou_value,fav_ml_result,fav_sp_result,ou_result,week,season
Kansas City Chiefs,Houston Texans,1,34,20,-9.5,53.5,1,1.0,1,1,2020
Atlanta Falcons,Seattle Seahawks,1,25,38,-1.0,49.5,0,0.0,1,1,2020
Baltimore Ravens,Cleveland Browns,1,38,6,-7.0,47.0,1,1.0,0,1,2020
Buffalo Bills,New York Jets,1,27,17,-6.5,39.5,1,1.0,1,1,2020
Las Vegas Raiders,Carolina Panthers,0,34,30,-3.0,48.0,1,1.0,1,1,2020
Detroit Lions,Chicago Bears,1,23,27,-2.5,42.5,0,0.0,1,1,2020
Indianapolis Colts,Jacksonville Jaguars,0,20,27,-7.0,44.0,0,0.0,1,1,2020
Minnesota Vikings,Green Bay Packers,1,34,43,-1.0,44.0,0,0.0,1,1,2020
New England Patriots,Miami Dolphins,1,21,11,-7.5,41.5,1,1.0,0,1,2020
Philadelphia Eagles,Washington Commanders,0,17,27,-5.5,41.5,0,0.0,1,1,2020
Los Angeles Chargers,Cincinnati Bengals,0,16,13,-2.5,41.5,1,1.0,0,1,2020
New Orleans Saints,Tampa Bay Buccaneers,1,34,23,-4.0,48.5,1,1.0,1,1,2020
San Francisco 49ers,Arizona Cardinals,1,20,24,-7.0,48.5,0,0.0,0,1,2020
Los Angeles Rams,Dallas Cowboys,1,20,17,-1.0,52.0,1,1.0,0,1,2020
Pittsburgh Steelers,New York Giants,0,26,16,-6.0,44.0,1,1.0,0,1,2020
Tennessee Titans,Denver Broncos,0,16,14,-3.5,41.5,1,0.0,0,1,2020
Cleveland Browns,Cincinnati Bengals,1,35,30,-6.0,44.5,1,0.0,1,2,2020
Chicago Bears,New York Giants,1,17,13,-4.5,42.5,1,0.0,0,2,2020
Dallas Cowboys,Atlanta Falcons,1,40,39,-3.0,53.0,1,0.0,1,2,2020
Green Bay Packers,Detroit Lions,1,42,21,-7.0,51.0,1,1.0,1,2,2020
Indianapolis Colts,Minnesota Vikings,1,28,11,-3.5,49.0,1,1.0,0,2,2020
Buffalo Bills,Miami Dolphins,0,31,28,-5.5,42.5,1,0.0,1,2,2020
San Francisco 49ers,New York Jets,0,31,13,-7.0,41.5,1,1.0,1,2,2020
Philadelphia Eagles,Los Angeles Rams,1,19,37,-2.0,46.0,0,0.0,1,2,2020
Pittsburgh Steelers,Denver Broncos,1,26,21,-6.0,41.0,1,0.0,1,2,2020
Tampa Bay Buccaneers,Carolina Panthers,1,31,17,-7.5,47.0,1,1.0,1,2,2020
Tennessee Titans,Jacksonville Jaguars,1,33,30,-7.0,44.5,1,0.0,1,2,2020
Arizona Cardinals,Washington Commanders,1,30,15,-7.5,46.5,1,1.0,0,2,2020
Baltimore Ravens,Houston Texans,0,33,16,-7.5,49.5,1,1.0,0,2,2020
Kansas City Chiefs,Los Angeles Chargers,0,23,20,-8.5,47.0,1,0.0,0,2,2020
Seattle Seahawks,New England Patriots,1,35,30,-4.0,45.0,1,1.0,1,2,2020
New Orleans Saints,Las Vegas Raiders,0,24,34,-4.0,47.5,0,0.0,1,2,2020
Jacksonville Jaguars,Miami Dolphins,1,13,31,-2.5,49.5,0,0.0,0,3,2020
Atlanta Falcons,Chicago Bears,1,26,30,-2.5,46.0,0,0.0,1,3,2020
Buffalo Bills,Los Angeles Rams,1,35,32,-1.5,46.5,1,1.0,1,3,2020
Cleveland Browns,Washington Commanders,1,34,20,-7.5,45.0,1,1.0,1,3,2020
Tennessee Titans,Minnesota Vikings,0,31,30,-3.0,49.5,1,0.0,1,3,2020
New England Patriots,Las Vegas Raiders,1,36,20,-7.0,47.0,1,1.0,1,3,2020
San Francisco 49ers,New York Giants,0,36,9,-3.0,44.0,1,1.0,1,3,2020
Philadelphia Eagles,Cincinnati Bengals,1,23,23,-5.5,46.5,0,0.0,0,3,2020
Pittsburgh Steelers,Houston Texans,1,28,21,-3.5,46.5,1,1.0,1,3,2020
Indianapolis Colts,New York Jets,1,36,7,-12.5,44.0,1,1.0,0,3,2020
Los Angeles Chargers,Carolina Panthers,1,16,21,-6.0,43.5,0,0.0,0,3,2020
Arizona Cardinals,Detroit Lions,1,23,26,-4.5,55.5,0,0.0,0,3,2020
Tampa Bay Buccaneers,Denver Broncos,0,28,10,-6.0,42.5,1,1.0,0,3,2020
Seattle Seahawks,Dallas Cowboys,1,38,31,-5.5,58.0,1,1.0,1,3,2020
New Orleans Saints,Green Bay Packers,1,30,37,-3.5,52.0,0,0.0,1,3,2020
Baltimore Ravens,Kansas City Chiefs,1,20,34,-3.5,55.0,0,0.0,0,3,2020
New York Jets,Denver Broncos,1,28,37,-1.0,41.0,0,0.0,1,4,2020
Arizona Cardinals,Carolina Panthers,0,21,31,-3.0,52.5,0,0.0,0,4,2020
Indianapolis Colts,Chicago Bears,0,19,11,-3.5,43.5,1,1.0,0,4,2020
Cincinnati Bengals,Jacksonville Jaguars,1,33,25,-1.0,50.0,1,1.0,1,4,2020
Dallas Cowboys,Cleveland Browns,1,38,49,-3.5,56.5,0,0.0,1,4,2020
New Orleans Saints,Detroit Lions,0,35,29,-3.0,51.5,1,1.0,1,4,2020
Houston Texans,Minnesota Vikings,1,23,31,-3.5,52.5,0,0.0,1,4,2020
Seattle Seahawks,Miami Dolphins,0,31,23,-4.5,55.0,1,1.0,0,4,2020
Tampa Bay Buccaneers,Los Angeles Chargers,1,38,31,-7.5,42.5,1,0.0,1,4,2020
Baltimore Ravens,Washington Commanders,0,31,17,-14.5,45.0,1,0.0,1,4,2020
Los Angeles Rams,New York Giants,1,17,9,-13.5,50.0,1,0.0,0,4,2020
Buffalo Bills,Las Vegas Raiders,0,30,23,-3.0,53.0,1,1.0,0,4,2020
San Francisco 49ers,Philadelphia Eagles,1,20,25,-8.5,45.5,0,0.0,0,4,2020
Kansas City Chiefs,New England Patriots,1,26,10,-11.0,48.5,1,1.0,0,4,2020
Green Bay Packers,Atlanta Falcons,1,30,16,-5.0,56.5,1,1.0,0,4,2020
Tampa Bay Buccaneers,Chicago Bears,0,19,20,-3.5,44.0,0,0.0,0,5,2020
Atlanta Falcons,Carolina Panthers,1,16,23,-2.5,53.5,0,0.0,0,5,2020
Baltimore Ravens,Cincinnati Bengals,1,27,3,-12.5,49.0,1,1.0,0,5,2020
Houston Texans,Jacksonville Jaguars,1,30,14,-6.5,55.0,1,1.0,0,5,2020
Kansas City Chiefs,Las Vegas Raiders,1,32,40,-11.0,54.5,0,0.0,1,5,2020
Arizona Cardinals,New York Jets,0,30,10,-7.0,48.5,1,1.0,0,5,2020
Pittsburgh Steelers,Philadelphia Eagles,1,38,29,-7.5,44.0,1,1.0,1,5,2020
Los Angeles Rams,Washington Commanders,0,30,10,-7.0,45.0,1,1.0,0,5,2020
San Francisco 49ers,Miami Dolphins,1,17,43,-8.5,50.5,0,0.0,1,5,2020
Cleveland Browns,Indianapolis Colts,1,32,23,-1.0,48.5,1,1.0,1,5,2020
Dallas Cowboys,New York Giants,1,37,34,-7.5,52.0,1,0.0,1,5,2020
Seattle Seahawks,Minnesota Vikings,1,27,26,-6.5,54.0,1,0.0,0,5,2020
New Orleans Saints,Los Angeles Chargers,1,30,27,-7.0,49.5,1,0.0,1,5,2020
Buffalo Bills,Tennessee Titans,0,16,42,-3.0,52.0,0,0.0,1,5,2020
Carolina Panthers,Chicago Bears,1,16,23,-2.0,45.0,0,0.0,0,6,2020
Indianapolis Colts,Cincinnati Bengals,1,31,27,-7.5,46.0,1,0.0,1,6,2020
Detroit Lions,Jacksonville Jaguars,0,34,16,-3.0,52.5,1,1.0,0,6,2020
Minnesota Vikings,Atlanta Falcons,1,23,40,-3.5,53.5,0,0.0,1,6,2020
New England Patriots,Denver Broncos,1,12,18,-7.0,43.5,0,0.0,0,6,2020
New York Giants,Washington Commanders,1,20,19,-2.0,42.5,1,0.0,0,6,2020
Baltimore Ravens,Philadelphia Eagles,0,30,28,-10.5,46.5,1,0.0,1,6,2020
Pittsburgh Steelers,Cleveland Browns,1,38,7,-3.0,50.0,1,1.0,0,6,2020
Tennessee Titans,Houston Texans,1,42,36,-4.0,52.0,1,1.0,1,6,2020
Miami Dolphins,New York Jets,1,24,0,-10.0,46.0,1,1.0,0,6,2020
Green Bay Packers,Tampa Bay Buccaneers,0,10,38,-3.0,55.0,0,0.0,0,6,2020
Los Angeles Rams,San Francisco 49ers,0,16,24,-2.5,51.0,0,0.0,0,6,2020
Kansas City Chiefs,Buffalo Bills,0,26,17,-5.5,55.0,1,1.0,0,6,2020
Dallas Cowboys,Arizona Cardinals,1,10,38,-1.0,55.5,0,0.0,0,6,2020
Philadelphia Eagles,New York Giants,1,22,21,-5.0,44.5,1,0.0,0,7,2020
Atlanta Falcons,Detroit Lions,1,22,23,-1.0,54.0,0,0.0,0,7,2020
Cleveland Browns,Cincinnati Bengals,0,37,34,-4.5,50.0,1,0.0,1,7,2020
Green Bay Packers,Houston Texans,0,35,20,-2.5,55.5,1,1.0,0,7,2020
New Orleans Saints,Carolina Panthers,1,27,24,-7.0,49.5,1,0.0,1,7,2020
Buffalo Bills,New York Jets,0,18,10,-9.5,47.0,1,0.0,0,7,2020
Tennessee Titans,Pittsburgh Steelers,1,24,27,-1.0,51.0,0,0.0,0,7,2020
Dallas Cowboys,Washington Commanders,0,3,25,-1.0,44.5,0,0.0,0,7,2020
Tampa Bay Buccaneers,Las Vegas Raiders,0,45,20,-3.5,51.5,1,1.0,1,7,2020
Kansas City Chiefs,Denver Broncos,0,43,16,-7.0,46.0,1,1.0,1,7,2020
Los Angeles Chargers,Jacksonville Jaguars,1,39,29,-8.0,48.0,1,1.0,1,7,2020
New England Patriots,San Francisco 49ers,1,6,33,-3.0,44.5,0,0.0,0,7,2020
Seattle Seahawks,Arizona Cardinals,0,34,37,-3.5,55.5,0,0.0,1,7,2020
Los Angeles Rams,Chicago Bears,1,24,10,-6.5,44.0,1,1.0,0,7,2020
Carolina Panthers,Atlanta Falcons,1,17,25,-1.5,52.0,0,0.0,0,8,2020
Baltimore Ravens,Pittsburgh Steelers,1,24,28,-4.0,44.0,0,0.0,1,8,2020
Buffalo Bills,New England Patriots,1,24,21,-4.0,41.0,1,0.0,1,8,2020
Tennessee Titans,Cincinnati Bengals,0,20,31,-7.5,49.5,0,0.0,1,8,2020
Cleveland Browns,Las Vegas Raiders,1,6,16,-1.0,48.0,0,0.0,0,8,2020
Indianapolis Colts,Detroit Lions,0,41,21,-3.5,49.0,1,1.0,1,8,2020
Green Bay Packers,Minnesota Vikings,1,22,28,-5.5,47.0,0,0.0,1,8,2020
Kansas City Chiefs,New York Jets,1,35,9,-20.0,49.0,1,1.0,0,8,2020
Los Angeles Rams,Miami Dolphins,0,17,28,-3.5,46.5,0,0.0,0,8,2020
Los Angeles Chargers,Denver Broncos,0,30,31,-3.0,44.5,0,0.0,1,8,2020
New Orleans Saints,Chicago Bears,0,26,23,-5.5,41.0,1,0.0,1,8,2020
Seattle Seahawks,San Francisco 49ers,1,37,27,-1.0,54.5,1,1.0,1,8,2020
Philadelphia Eagles,Dallas Cowboys,1,23,9,-10.5,43.0,1,1.0,0,8,2020
Tampa Bay Buccaneers,New York Giants,0,25,23,-13.0,47.0,1,0.0,1,8,2020
Green Bay Packers,San Francisco 49ers,0,34,17,-6.0,48.5,1,1.0,1,9,2020
Atlanta Falcons,Denver Broncos,1,34,27,-4.5,50.5,1,1.0,1,9,2020
Seattle Seahawks,Buffalo Bills,0,34,44,-3.0,55.5,0,0.0,1,9,2020
Indianapolis Colts,Baltimore Ravens,1,10,24,-1.0,47.5,0,0.0,0,9,2020
Houston Texans,Jacksonville Jaguars,0,27,25,-7.0,49.0,1,0.0,1,9,2020
Kansas City Chiefs,Carolina Panthers,1,33,31,-10.0,51.5,1,0.0,1,9,2020
Minnesota Vikings,Detroit Lions,1,34,20,-3.0,51.5,1,1.0,1,9,2020
Tennessee Titans,Chicago Bears,1,24,17,-6.5,46.5,1,1.0,0,9,2020
Washington Commanders,New York Giants,1,20,23,-3.0,43.5,0,0.0,0,9,2020
Las Vegas Raiders,Los Angeles Chargers,0,31,26,-1.0,52.5,1,1.0,1,9,2020
Arizona Cardinals,Miami Dolphins,1,31,34,-6.0,49.0,0,0.0,1,9,2020
Pittsburgh Steelers,Dallas Cowboys,0,24,19,-14.0,44.0,1,0.0,0,9,2020
Tampa Bay Buccaneers,New Orleans Saints,1,3,38,-3.0,51.0,0,0.0,0,9,2020
New England Patriots,New York Jets,0,30,27,-9.0,42.0,1,0.0,1,9,2020
Indianapolis Colts,Tennessee Titans,0,34,17,-1.0,49.5,1,1.0,1,10,2020
Tampa Bay Buccaneers,Carolina Panthers,0,46,23,-6.0,49.5,1,1.0,1,10,2020
Cleveland Browns,Houston Texans,1,10,7,-4.5,46.5,1,0.0,0,10,2020
Detroit Lions,Washington Commanders,1,30,27,-2.5,45.5,1,1.0,1,10,2020
Green Bay Packers,Jacksonville Jaguars,1,24,20,-13.5,47.5,1,0.0,0,10,2020
Philadelphia Eagles,New York Giants,0,17,27,-5.0,46.5,0,0.0,0,10,2020
Arizona Cardinals,Buffalo Bills,1,32,30,-3.0,56.0,1,0.0,1,10,2020
Las Vegas Raiders,Denver Broncos,1,37,12,-3.5,50.0,1,1.0,0,10,2020
Miami Dolphins,Los Angeles Chargers,1,29,21,-1.5,49.0,1,1.0,1,10,2020
Los Angeles Rams,Seattle Seahawks,1,23,16,-3.0,55.0,1,1.0,0,10,2020
New Orleans Saints,San Francisco 49ers,1,27,13,-9.5,50.0,1,1.0,0,10,2020
Pittsburgh Steelers,Cincinnati Bengals,1,36,10,-6.5,46.0,1,1.0,0,10,2020
Baltimore Ravens,New England Patriots,0,17,23,-7.0,44.0,0,0.0,0,10,2020
Minnesota Vikings,Chicago Bears,0,19,13,-3.5,44.5,1,1.0,0,10,2020
Seattle Seahawks,Arizona Cardinals,1,28,21,-3.0,56.5,1,1.0,0,11,2020
Baltimore Ravens,Tennessee Titans,1,24,30,-6.0,50.5,0,0.0,1,11,2020
Detroit Lions,Carolina Panthers,0,0,20,-3.0,47.0,0,0.0,0,11,2020
Cleveland Browns,Philadelphia Eagles,1,22,17,-2.5,45.5,1,1.0,0,11,2020
New England Patriots,Houston Texans,0,20,27,-2.5,49.5,0,0.0,0,11,2020
Pittsburgh Steelers,Jacksonville Jaguars,0,27,3,-11.0,47.5,1,1.0,0,11,2020
New Orleans Saints,Atlanta Falcons,1,24,9,-3.5,49.5,1,1.0,0,11,2020
Washington Commanders,Cincinnati Bengals,1,20,9,-2.0,48.0,1,1.0,0,11,2020
Miami Dolphins,Denver Broncos,0,13,20,-4.0,46.0,0,0.0,0,11,2020
Los Angeles Chargers,New York Jets,1,34,28,-10.0,47.0,1,0.0,1,11,2020
Indianapolis Colts,Green Bay Packers,1,34,31,-1.5,52.5,1,1.0,1,11,2020
Minnesota Vikings,Dallas Cowboys,1,28,31,-7.0,49.5,0,0.0,1,11,2020
Kansas City Chiefs,Las Vegas Raiders,0,35,31,-7.5,56.5,1,0.0,1,11,2020
Tampa Bay Buccaneers,Los Angeles Rams,1,24,27,-4.0,47.5,0,0.0,1,11,2020
Houston Texans,Detroit Lions,0,41,25,-3.0,52.5,1,1.0,1,12,2020
Dallas Cowboys,Washington Commanders,1,16,41,-2.5,46.0,0,0.0,1,12,2020
Las Vegas Raiders,Atlanta Falcons,0,6,43,-3.5,53.0,0,0.0,0,12,2020
Buffalo Bills,Los Angeles Chargers,1,27,17,-4.5,51.5,1,1.0,0,12,2020
New York Giants,Cincinnati Bengals,0,19,17,-6.5,45.0,1,0.0,0,12,2020
Indianapolis Colts,Tennessee Titans,1,26,45,-3.0,51.5,0,0.0,1,12,2020
Cleveland Browns,Jacksonville Jaguars,0,27,25,-7.5,48.0,1,0.0,1,12,2020
Minnesota Vikings,Carolina Panthers,1,28,27,-3.0,50.0,1,0.0,1,12,2020
Arizona Cardinals,New England Patriots,0,17,20,-1.0,51.0,0,0.0,0,12,2020
Miami Dolphins,New York Jets,0,20,3,-7.5,46.5,1,1.0,0,12,2020
New Orleans Saints,Denver Broncos,0,31,3,-17.0,36.5,1,1.0,0,12,2020
Los Angeles Rams,San Francisco 49ers,1,20,23,-5.0,45.0,0,0.0,0,12,2020
Kansas City Chiefs,Tampa Bay Buccaneers,0,27,24,-3.5,56.0,1,0.0,0,12,2020
Green Bay Packers,Chicago Bears,1,41,25,-7.5,44.0,1,1.0,1,12,2020
Seattle Seahawks,Philadelphia Eagles,0,23,17,-6.5,50.0,1,0.0,0,12,2020
Pittsburgh Steelers,Baltimore Ravens,1,19,14,-10.0,42.0,1,0.0,0,12,2020
New Orleans Saints,Atlanta Falcons,0,21,16,-2.5,46.5,1,1.0,0,13,2020
Chicago Bears,Detroit Lions,1,30,34,-3.0,44.0,0,0.0,1,13,2020
Indianapolis Colts,Houston Texans,0,26,20,-3.5,50.0,1,1.0,0,13,2020
Miami Dolphins,Cincinnati Bengals,1,19,7,-10.5,43.0,1,1.0,0,13,2020
Minnesota Vikings,Jacksonville Jaguars,1,27,24,-10.5,51.5,1,0.0,0,13,2020
Las Vegas Raiders,New York Jets,0,31,28,-7.5,48.5,1,0.0,1,13,2020
Tennessee Titans,Cleveland Browns,1,35,41,-4.0,54.0,0,0.0,1,13,2020
Los Angeles Rams,Arizona Cardinals,0,38,28,-2.5,49.0,1,1.0,1,13,2020
Seattle Seahawks,New York Giants,1,12,17,-11.0,48.5,0,0.0,0,13,2020
Green Bay Packers,Philadelphia Eagles,1,30,16,-8.0,50.0,1,1.0,0,13,2020
Los Angeles Chargers,New England Patriots,1,0,45,-2.0,46.5,0,0.0,0,13,2020
Kansas City Chiefs,Denver Broncos,1,22,16,-13.0,51.5,1,0.0,0,13,2020
Pittsburgh Steelers,Washington Commanders,1,17,23,-6.5,43.5,0,0.0,0,13,2020
San Francisco 49ers,Buffalo Bills,1,24,34,-1.5,48.0,0,0.0,1,13,2020
Baltimore Ravens,Dallas Cowboys,1,34,17,-8.0,45.5,1,1.0,1,13,2020
Los Angeles Rams,New England Patriots,1,24,3,-5.0,43.5,1,1.0,0,14,2020
Carolina Panthers,Denver Broncos,1,27,32,-4.0,46.5,0,0.0,1,14,2020
Houston Texans,Chicago Bears,0,7,36,-1.0,46.5,0,0.0,0,14,2020
Dallas Cowboys,Cincinnati Bengals,0,30,7,-3.0,44.0,1,1.0,0,14,2020
Tennessee Titans,Jacksonville Jaguars,0,31,10,-7.5,52.5,1,1.0,0,14,2020
Kansas City Chiefs,Miami Dolphins,0,33,27,-7.5,52.0,1,0.0,1,14,2020
Arizona Cardinals,New York Giants,0,26,7,-3.0,47.5,1,1.0,0,14,2020
Tampa Bay Buccaneers,Minnesota Vikings,1,26,14,-7.0,52.0,1,1.0,0,14,2020
Indianapolis Colts,Las Vegas Raiders,0,44,27,-2.5,52.0,1,1.0,1,14,2020
Seattle Seahawks,New York Jets,1,40,3,-16.5,50.5,1,1.0,0,14,2020
Green Bay Packers,Detroit Lions,0,31,24,-9.5,55.5,1,0.0,0,14,2020
Los Angeles Chargers,Atlanta Falcons,1,20,17,-1.0,49.5,1,1.0,0,14,2020
New Orleans Saints,Philadelphia Eagles,0,21,24,-7.5,43.0,0,0.0,1,14,2020
San Francisco 49ers,Washington Commanders,1,15,23,-3.0,43.5,0,0.0,0,14,2020
Buffalo Bills,Pittsburgh Steelers,1,26,15,-2.0,48.5,1,1.0,0,14,2020
Baltimore Ravens,Cleveland Browns,0,47,42,-3.0,46.0,1,1.0,1,14,2020
Las Vegas Raiders,Los Angeles Chargers,1,27,30,-3.5,52.5,0,0.0,1,15,2020
Buffalo Bills,Denver Broncos,0,48,19,-5.5,49.0,1,1.0,1,15,2020
Green Bay Packers,Carolina Panthers,1,24,16,-8.0,51.5,1,0.0,0,15,2020
Tampa Bay Buccaneers,Atlanta Falcons,0,31,27,-6.0,49.5,1,0.0,1,15,2020
Baltimore Ravens,Jacksonville Jaguars,1,40,14,-13.0,49.0,1,1.0,1,15,2020
San Francisco 49ers,Dallas Cowboys,0,33,41,-4.0,46.0,0,0.0,1,15,2020
Indianapolis Colts,Houston Texans,1,27,20,-7.5,52.5,1,0.0,0,15,2020
New England Patriots,Miami Dolphins,0,12,22,-1.5,40.5,0,0.0,0,15,2020
Minnesota Vikings,Chicago Bears,1,27,33,-2.5,47.5,0,0.0,1,15,2020
Tennessee Titans,Detroit Lions,1,46,25,-9.5,54.5,1,1.0,1,15,2020
Seattle Seahawks,Washington Commanders,0,20,15,-6.0,44.5,1,0.0,0,15,2020
Arizona Cardinals,Philadelphia Eagles,1,33,26,-6.5,49.5,1,1.0,1,15,2020
Los Angeles Rams,New York Jets,1,20,23,-17.5,44.5,0,0.0,0,15,2020
Kansas City Chiefs,New Orleans Saints,0,32,29,-2.5,54.0,1,1.0,1,15,2020
Cleveland Browns,New York Giants,0,20,6,-6.0,45.0,1,1.0,0,15,2020
Pittsburgh Steelers,Cincinnati Bengals,0,17,27,-14.5,40.5,0,0.0,1,15,2020
New Orleans Saints,Minnesota Vikings,1,52,33,-6.5,48.5,1,1.0,1,16,2020
Tampa Bay Buccaneers,Detroit Lions,0,47,7,-9.5,54.0,1,1.0,0,16,2020
Arizona Cardinals,San Francisco 49ers,1,12,20,-5.0,48.5,0,0.0,0,16,2020
Miami Dolphins,Las Vegas Raiders,0,26,25,-3.0,48.0,1,0.0,1,16,2020
Baltimore Ravens,New York Giants,1,27,13,-10.0,43.0,1,1.0,0,16,2020
Houston Texans,Cincinnati Bengals,1,31,37,-7.5,46.0,0,0.0,1,16,2020
Chicago Bears,Jacksonville Jaguars,0,41,17,-9.5,47.0,1,1.0,1,16,2020
Kansas City Chiefs,Atlanta Falcons,1,17,14,-11.0,54.0,1,0.0,0,16,2020
Cleveland Browns,New York Jets,0,16,23,-6.5,45.0,0,0.0,0,16,2020
Indianapolis Colts,Pittsburgh Steelers,0,24,28,-1.0,43.5,0,0.0,1,16,2020
Los Angeles Chargers,Denver Broncos,1,19,16,-2.5,47.5,1,1.0,0,16,2020
Carolina Panthers,Washington Commanders,0,20,13,-1.0,41.5,1,1.0,0,16,2020
Philadelphia Eagles,Dallas Cowboys,0,17,37,-3.0,50.0,0,0.0,1,16,2020
Seattle Seahawks,Los Angeles Rams,1,20,9,-1.5,47.5,1,1.0,0,16,2020
Green Bay Packers,Tennessee Titans,1,40,14,-3.0,52.5,1,1.0,1,16,2020
Buffalo Bills,New England Patriots,0,38,9,-7.0,47.5,1,1.0,0,16,2020
Miami Dolphins,Buffalo Bills,0,26,56,-3.5,43.0,0,0.0,1,17,2020
Baltimore Ravens,Cincinnati Bengals,0,38,3,-13.5,46.0,1,1.0,0,17,2020
Cleveland Browns,Pittsburgh Steelers,1,24,22,-10.5,44.5,1,0.0,1,17,2020
Minnesota Vikings,Detroit Lions,0,37,35,-3.0,53.5,1,0.0,1,17,2020
New England Patriots,New York Jets,1,28,14,-3.0,41.0,1,1.0,1,17,2020
Dallas Cowboys,New York Giants,0,19,23,-1.5,44.5,0,0.0,0,17,2020
Tampa Bay Buccaneers,Atlanta Falcons,1,44,27,-7.5,51.5,1,1.0,1,17,2020
New Orleans Saints,Carolina Panthers,0,33,7,-6.0,47.0,1,1.0,0,17,2020
Green Bay Packers,Chicago Bears,0,35,16,-4.5,48.0,1,1.0,1,17,2020
Las Vegas Raiders,Denver Broncos,0,32,31,-2.5,50.5,1,0.0,1,17,2020
Tennessee Titans,Houston Texans,0,41,38,-7.0,55.5,1,0.0,1,17,2020
Indianapolis Colts,Jacksonville Jaguars,1,28,14,-15.5,47.5,1,0.0,0,17,2020
Los Angeles Chargers,Kansas City Chiefs,0,38,21,-7.0,43.0,1,1.0,1,17,2020
Los Angeles Rams,Arizona Cardinals,1,18,7,-1.0,42.0,1,1.0,0,17,2020
Seattle Seahawks,San Francisco 49ers,0,26,23,-7.0,44.5,1,0.0,1,17,2020
Washington Commanders,Philadelphia Eagles,0,20,14,-6.5,44.0,1,0.0,0,17,2020
Tampa Bay Buccaneers,Dallas Cowboys,1,31,29,-8.5,52.0,1,0.0,1,1,2021
Atlanta Falcons,Philadelphia Eagles,1,6,32,-3.5,49.0,0,0.0,0,1,2021
Buffalo Bills,Pittsburgh Steelers,1,16,23,-6.5,48.5,0,0.0,0,1,2021
Carolina Panthers,New York Jets,1,19,14,-4.0,45.0,1,1.0,0,1,2021
Minnesota Vikings,Cincinnati Bengals,0,24,27,-3.0,47.5,0,0.0,1,1,2021
San Francisco 49ers,Detroit Lions,0,41,33,-9.0,45.5,1,0.0,1,1,2021
Jacksonville Jaguars,Houston Texans,0,21,37,-3.0,45.0,0,0.0,1,1,2021
Seattle Seahawks,Indianapolis Colts,0,28,16,-3.0,49.0,1,1.0,0,1,2021
Tennessee Titans,Arizona Cardinals,1,13,38,-3.0,53.5,0,0.0,0,1,2021
Washington Commanders,Los Angeles Chargers,1,16,20,-1.5,45.0,0,0.0,0,1,2021
Kansas City Chiefs,Cleveland Browns,1,33,29,-5.5,54.5,1,0.0,1,1,2021
New England Patriots,Miami Dolphins,1,16,17,-3.0,43.5,0,0.0,0,1,2021
Green Bay Packers,New Orleans Saints,0,3,38,-3.5,49.5,0,0.0,0,1,2021
Denver Broncos,New York Giants,0,27,13,-3.0,41.5,1,1.0,0,1,2021
Los Angeles Rams,Chicago Bears,1,34,14,-8.0,46.5,1,1.0,1,1,2021
Baltimore Ravens,Las Vegas Raiders,0,27,33,-4.0,50.5,0,0.0,1,1,2021
Washington Commanders,New York Giants,1,30,29,-3.5,40.5,1,0.0,1,2,2021
New Orleans Saints,Carolina Panthers,0,7,26,-3.0,44.5,0,0.0,0,2,2021
Chicago Bears,Cincinnati Bengals,1,20,17,-1.5,44.5,1,1.0,0,2,2021
Cleveland Browns,Houston Texans,1,31,21,-13.5,48.0,1,0.0,1,2,2021
Los Angeles Rams,Indianapolis Colts,0,27,24,-3.5,48.0,1,0.0,1,2,2021
Denver Broncos,Jacksonville Jaguars,0,23,13,-6.0,45.0,1,1.0,0,2,2021
Buffalo Bills,Miami Dolphins,0,35,0,-3.5,47.5,1,1.0,0,2,2021
New England Patriots,New York Jets,0,25,6,-6.0,43.0,1,1.0,0,2,2021
San Francisco 49ers,Philadelphia Eagles,0,17,11,-3.0,49.0,1,1.0,0,2,2021
Pittsburgh Steelers,Las Vegas Raiders,1,17,26,-6.0,47.0,0,0.0,0,2,2021
Arizona Cardinals,Minnesota Vikings,1,34,33,-3.5,50.5,1,0.0,1,2,2021
Tampa Bay Buccaneers,Atlanta Falcons,1,48,25,-12.5,51.5,1,1.0,1,2,2021
Los Angeles Chargers,Dallas Cowboys,1,17,20,-3.0,55.0,0,0.0,0,2,2021
Seattle Seahawks,Tennessee Titans,1,30,33,-6.5,54.0,0,0.0,1,2,2021
Kansas City Chiefs,Baltimore Ravens,0,35,36,-4.0,54.5,0,0.0,1,2,2021
Green Bay Packers,Detroit Lions,1,35,17,-11.5,48.0,1,1.0,1,2,2021
Carolina Panthers,Houston Texans,0,24,9,-9.0,43.5,1,1.0,0,3,2021
Buffalo Bills,Washington Commanders,1,43,21,-7.0,45.5,1,1.0,1,3,2021
Cleveland Browns,Chicago Bears,1,26,6,-7.5,44.5,1,1.0,0,3,2021
Baltimore Ravens,Detroit Lions,0,19,17,-7.5,50.5,1,0.0,0,3,2021
Arizona Cardinals,Jacksonville Jaguars,0,31,19,-7.5,51.5,1,1.0,0,3,2021
Kansas City Chiefs,Los Angeles Chargers,1,24,30,-7.0,54.5,0,0.0,0,3,2021
New England Patriots,New Orleans Saints,1,13,28,-3.0,42.5,0,0.0,0,3,2021
New York Giants,Atlanta Falcons,1,14,17,-3.0,47.5,0,0.0,0,3,2021
Pittsburgh Steelers,Cincinnati Bengals,1,10,24,-3.0,43.0,0,0.0,0,3,2021
Tennessee Titans,Indianapolis Colts,1,25,16,-5.5,47.5,1,1.0,0,3,2021
Denver Broncos,New York Jets,1,26,0,-10.0,41.5,1,1.0,0,3,2021
Las Vegas Raiders,Miami Dolphins,1,31,28,-4.0,44.0,1,0.0,1,3,2021
Tampa Bay Buccaneers,Los Angeles Rams,0,24,34,-1.5,55.5,0,0.0,1,3,2021
Seattle Seahawks,Minnesota Vikings,0,17,30,-2.0,55.0,0,0.0,0,3,2021
San Francisco 49ers,Green Bay Packers,1,28,30,-3.0,50.5,0,0.0,1,3,2021
Dallas Cowboys,Philadelphia Eagles,1,41,21,-3.5,51.5,1,1.0,1,3,2021
Cincinnati Bengals,Jacksonville Jaguars,1,24,21,-7.5,46.5,1,0.0,0,4,2021
Washington Commanders,Atlanta Falcons,0,34,30,-2.0,48.0,1,1.0,1,4,2021
Buffalo Bills,Houston Texans,1,40,0,-17.5,47.0,1,1.0,0,4,2021
Chicago Bears,Detroit Lions,1,24,14,-3.0,41.5,1,1.0,0,4,2021
Dallas Cowboys,Carolina Panthers,1,36,28,-4.0,51.5,1,1.0,1,4,2021
Miami Dolphins,Indianapolis Colts,1,17,27,-2.5,42.5,0,0.0,1,4,2021
Cleveland Browns,Minnesota Vikings,0,14,7,-1.0,51.5,1,1.0,0,4,2021
New Orleans Saints,New York Giants,1,21,27,-7.0,41.5,0,0.0,1,4,2021
Tennessee Titans,New York Jets,0,24,27,-6.0,44.0,0,0.0,1,4,2021
Kansas City Chiefs,Philadelphia Eagles,0,42,30,-7.0,54.5,1,1.0,1,4,2021
Los Angeles Rams,Arizona Cardinals,1,20,37,-4.0,54.5,0,0.0,1,4,2021
San Francisco 49ers,Seattle Seahawks,1,21,28,-2.5,52.0,0,0.0,0,4,2021
Baltimore Ravens,Denver Broncos,0,23,7,-1.0,44.0,1,1.0,0,4,2021
Green Bay Packers,Pittsburgh Steelers,1,27,17,-6.0,44.5,1,1.0,0,4,2021
Tampa Bay Buccaneers,New England Patriots,0,19,17,-7.0,49.5,1,0.0,0,4,2021
Los Angeles Chargers,Las Vegas Raiders,1,28,14,-3.0,52.0,1,1.0,0,4,2021
Los Angeles Rams,Seattle Seahawks,0,26,17,-2.5,54.5,1,1.0,0,5,2021
Atlanta Falcons,New York Jets,0,27,20,-2.5,45.0,1,1.0,1,5,2021
Carolina Panthers,Philadelphia Eagles,1,18,21,-3.0,46.0,0,0.0,0,5,2021
Green Bay Packers,Cincinnati Bengals,0,25,22,-3.0,51.0,1,0.0,0,5,2021
New England Patriots,Houston Texans,0,25,22,-8.0,39.0,1,0.0,1,5,2021
Tennessee Titans,Jacksonville Jaguars,0,37,19,-4.5,48.5,1,1.0,1,5,2021
Minnesota Vikings,Detroit Lions,1,19,17,-10.0,49.5,1,0.0,0,5,2021
Denver Broncos,Pittsburgh Steelers,0,19,27,-1.5,39.5,0,0.0,1,5,2021
Tampa Bay Buccaneers,Miami Dolphins,1,45,17,-10.0,48.0,1,1.0,1,5,2021
New Orleans Saints,Washington Commanders,0,33,22,-2.5,43.5,1,1.0,1,5,2021
Las Vegas Raiders,Chicago Bears,1,9,20,-5.5,45.5,0,0.0,0,5,2021
Los Angeles Chargers,Cleveland Browns,1,47,42,-2.5,46.5,1,1.0,1,5,2021
Arizona Cardinals,San Francisco 49ers,1,17,10,-5.0,48.5,1,1.0,0,5,2021
Dallas Cowboys,New York Giants,1,44,20,-7.0,52.5,1,1.0,1,5,2021
Kansas City Chiefs,Buffalo Bills,1,20,38,-2.5,56.5,0,0.0,1,5,2021
Baltimore Ravens,Indianapolis Colts,1,31,25,-7.0,46.0,1,0.0,1,5,2021
Tampa Bay Buccaneers,Philadelphia Eagles,0,28,22,-7.0,52.5,1,0.0,0,6,2021
Miami Dolphins,Jacksonville Jaguars,0,20,23,-3.0,47.0,0,0.0,0,6,2021
Baltimore Ravens,Los Angeles Chargers,1,34,6,-2.5,51.5,1,1.0,0,6,2021
Minnesota Vikings,Carolina Panthers,0,34,28,-2.5,45.5,1,1.0,1,6,2021
Green Bay Packers,Chicago Bears,0,24,14,-6.0,44.0,1,1.0,0,6,2021
Cincinnati Bengals,Detroit Lions,0,34,11,-3.5,47.0,1,1.0,0,6,2021
Indianapolis Colts,Houston Texans,1,31,3,-10.0,43.5,1,1.0,0,6,2021
Los Angeles Rams,New York Giants,0,38,11,-9.0,48.5,1,1.0,1,6,2021
Kansas City Chiefs,Washington Commanders,0,31,13,-7.0,54.0,1,1.0,0,6,2021
Cleveland Browns,Arizona Cardinals,1,14,37,-3.5,48.5,0,0.0,1,6,2021
Denver Broncos,Las Vegas Raiders,1,24,34,-4.0,43.5,0,0.0,1,6,2021
Dallas Cowboys,New England Patriots,0,35,29,-3.5,50.5,1,1.0,1,6,2021
Pittsburgh Steelers,Seattle Seahawks,1,23,20,-5.0,43.0,1,0.0,0,6,2021
Buffalo Bills,Tennessee Titans,0,31,34,-6.0,53.5,0,0.0,1,6,2021
Cleveland Browns,Denver Broncos,1,17,14,-1.5,41.5,1,1.0,0,7,2021
Baltimore Ravens,Cincinnati Bengals,1,17,41,-6.5,45.5,0,0.0,1,7,2021
Green Bay Packers,Washington Commanders,1,24,10,-8.0,48.0,1,1.0,0,7,2021
Atlanta Falcons,Miami Dolphins,0,30,28,-2.0,47.5,1,0.0,1,7,2021
New England Patriots,New York Jets,1,54,13,-7.0,42.5,1,1.0,1,7,2021
Carolina Panthers,New York Giants,0,3,25,-3.0,42.5,0,0.0,0,7,2021
Kansas City Chiefs,Tennessee Titans,0,3,27,-4.0,57.5,0,0.0,0,7,2021
Las Vegas Raiders,Philadelphia Eagles,1,33,22,-3.0,48.5,1,1.0,1,7,2021
Los Angeles Rams,Detroit Lions,1,28,19,-16.5,50.5,1,0.0,0,7,2021
Arizona Cardinals,Houston Texans,1,31,5,-18.0,47.5,1,1.0,0,7,2021
Tampa Bay Buccaneers,Chicago Bears,1,38,3,-11.5,47.0,1,1.0,0,7,2021
San Francisco 49ers,Indianapolis Colts,1,18,30,-4.0,42.5,0,0.0,1,7,2021
New Orleans Saints,Seattle Seahawks,0,13,10,-4.5,42.5,1,0.0,0,7,2021
Arizona Cardinals,Green Bay Packers,1,21,24,-6.5,50.5,0,0.0,0,8,2021
Atlanta Falcons,Carolina Panthers,1,13,19,-3.0,47.0,0,0.0,0,8,2021
Buffalo Bills,Miami Dolphins,1,26,11,-14.0,49.0,1,1.0,0,8,2021
San Francisco 49ers,Chicago Bears,0,33,22,-4.0,39.5,1,1.0,1,8,2021
Cleveland Browns,Pittsburgh Steelers,1,10,15,-4.5,43.0,0,0.0,0,8,2021
Philadelphia Eagles,Detroit Lions,0,44,6,-3.5,48.0,1,1.0,1,8,2021
Los Angeles Rams,Houston Texans,0,38,22,-16.0,46.5,1,0.0,1,8,2021
Indianapolis Colts,Tennessee Titans,1,31,34,-3.0,51.0,0,0.0,1,8,2021
Cincinnati Bengals,New York Jets,0,31,34,-11.0,43.0,0,0.0,1,8,2021
Los Angeles Chargers,New England Patriots,1,24,27,-4.5,49.5,0,0.0,1,8,2021
Seattle Seahawks,Jacksonville Jaguars,1,31,7,-3.5,44.5,1,1.0,0,8,2021
Denver Broncos,Washington Commanders,1,17,10,-3.5,45.0,1,1.0,0,8,2021
Tampa Bay Buccaneers,New Orleans Saints,0,27,36,-4.5,49.0,0,0.0,1,8,2021
Minnesota Vikings,Dallas Cowboys,1,16,20,-3.0,51.5,0,0.0,0,8,2021
Kansas City Chiefs,New York Giants,1,20,17,-10.0,52.0,1,0.0,0,8,2021
Indianapolis Colts,New York Jets,1,45,30,-10.5,46.0,1,1.0,1,9,2021
Baltimore Ravens,Minnesota Vikings,1,34,31,-6.0,50.5,1,0.0,1,9,2021
New England Patriots,Carolina Panthers,0,24,6,-3.5,41.0,1,1.0,0,9,2021
Cincinnati Bengals,Cleveland Browns,1,16,41,-2.5,47.5,0,0.0,1,9,2021
Dallas Cowboys,Denver Broncos,1,16,30,-10.0,48.5,0,0.0,0,9,2021
Buffalo Bills,Jacksonville Jaguars,0,6,9,-14.5,48.5,0,0.0,0,9,2021
Miami Dolphins,Houston Texans,1,17,9,-5.5,46.5,1,1.0,0,9,2021
New Orleans Saints,Atlanta Falcons,1,25,27,-6.0,41.5,0,0.0,1,9,2021
Las Vegas Raiders,New York Giants,0,16,23,-3.0,46.5,0,0.0,0,9,2021
Los Angeles Chargers,Philadelphia Eagles,0,27,24,-1.5,49.0,1,1.0,1,9,2021
Kansas City Chiefs,Green Bay Packers,1,13,7,-7.5,48.0,1,0.0,0,9,2021
San Francisco 49ers,Arizona Cardinals,1,17,31,-3.5,45.0,0,0.0,1,9,2021
Los Angeles Rams,Tennessee Titans,1,16,28,-7.5,52.5,0,0.0,0,9,2021
Pittsburgh Steelers,Chicago Bears,1,29,27,-6.5,38.5,1,0.0,1,9,2021
Baltimore Ravens,Miami Dolphins,0,10,22,-7.5,46.5,0,0.0,0,10,2021
Dallas Cowboys,Atlanta Falcons,1,43,3,-8.0,55.0,1,1.0,0,10,2021
Indianapolis Colts,Jacksonville Jaguars,1,23,17,-10.0,47.5,1,0.0,0,10,2021
New England Patriots,Cleveland Browns,1,45,7,-2.5,45.0,1,1.0,1,10,2021
Buffalo Bills,New York Jets,0,45,17,-13.0,47.5,1,1.0,1,10,2021
Pittsburgh Steelers,Detroit Lions,1,16,16,-6.0,41.0,0,0.0,0,10,2021
Tennessee Titans,New Orleans Saints,1,23,21,-3.0,44.0,1,0.0,0,10,2021
Tampa Bay Buccaneers,Washington Commanders,0,19,29,-9.5,51.0,0,0.0,0,10,2021
Arizona Cardinals,Carolina Panthers,1,10,34,-10.5,43.0,0,0.0,1,10,2021
Los Angeles Chargers,Minnesota Vikings,1,20,27,-3.0,53.5,0,0.0,0,10,2021
Denver Broncos,Philadelphia Eagles,1,13,30,-2.0,46.0,0,0.0,0,10,2021
Green Bay Packers,Seattle Seahawks,1,17,0,-3.5,49.5,1,1.0,0,10,2021
Kansas City Chiefs,Las Vegas Raiders,0,41,14,-2.5,52.0,1,1.0,1,10,2021
Los Angeles Rams,San Francisco 49ers,0,10,31,-4.0,49.5,0,0.0,0,10,2021
New England Patriots,Atlanta Falcons,0,25,0,-7.0,47.0,1,1.0,0,11,2021
Buffalo Bills,Indianapolis Colts,1,15,41,-7.0,49.5,0,0.0,1,11,2021
Carolina Panthers,Washington Commanders,1,21,27,-3.5,43.0,0,0.0,1,11,2021
Baltimore Ravens,Chicago Bears,0,16,13,-5.0,43.5,1,0.0,0,11,2021
Cleveland Browns,Detroit Lions,1,13,10,-12.5,42.5,1,0.0,0,11,2021
San Francisco 49ers,Jacksonville Jaguars,0,30,10,-6.5,45.0,1,1.0,0,11,2021
Green Bay Packers,Minnesota Vikings,0,31,34,-1.0,47.0,0,0.0,1,11,2021
Miami Dolphins,New York Jets,0,24,17,-3.5,44.5,1,1.0,0,11,2021
Philadelphia Eagles,New Orleans Saints,1,40,29,-2.5,42.5,1,1.0,1,11,2021
Tennessee Titans,Houston Texans,1,13,22,-10.0,44.5,0,0.0,0,11,2021
Cincinnati Bengals,Las Vegas Raiders,0,32,13,-1.0,50.5,1,1.0,0,11,2021
Kansas City Chiefs,Dallas Cowboys,1,19,9,-2.5,56.5,1,1.0,0,11,2021
Seattle Seahawks,Arizona Cardinals,1,13,23,-2.5,47.0,0,0.0,0,11,2021
Los Angeles Chargers,Pittsburgh Steelers,1,41,37,-5.5,47.5,1,0.0,1,11,2021
Tampa Bay Buccaneers,New York Giants,1,30,10,-11.0,50.0,1,1.0,0,11,2021
Chicago Bears,Detroit Lions,0,16,14,-3.0,41.0,1,0.0,0,12,2021
Dallas Cowboys,Las Vegas Raiders,1,33,36,-7.5,51.5,0,0.0,1,12,2021
Buffalo Bills,New Orleans Saints,0,31,6,-6.5,45.0,1,1.0,0,12,2021
Cincinnati Bengals,Pittsburgh Steelers,1,41,10,-3.5,44.0,1,1.0,1,12,2021
Houston Texans,New York Jets,1,14,21,-2.5,44.5,0,0.0,0,12,2021
Tampa Bay Buccaneers,Indianapolis Colts,0,38,31,-3.0,53.5,1,1.0,1,12,2021
Atlanta Falcons,Jacksonville Jaguars,0,21,14,-2.0,45.5,1,1.0,0,12,2021
Carolina Panthers,Miami Dolphins,0,10,33,-2.5,42.0,0,0.0,1,12,2021
New England Patriots,Tennessee Titans,1,36,13,-7.0,43.5,1,1.0,1,12,2021
Philadelphia Eagles,New York Giants,0,7,13,-3.5,45.5,0,0.0,0,12,2021
Los Angeles Chargers,Denver Broncos,0,13,28,-3.0,47.0,0,0.0,0,12,2021
Los Angeles Rams,Green Bay Packers,0,28,36,-2.0,46.5,0,0.0,1,12,2021
San Francisco 49ers,Minnesota Vikings,1,34,26,-3.5,49.0,1,1.0,1,12,2021
Baltimore Ravens,Cleveland Browns,1,16,10,-3.5,47.0,1,1.0,0,12,2021
Washington Commanders,Seattle Seahawks,1,17,15,1.0,47.0,1,1.0,0,12,2021
Dallas Cowboys,New Orleans Saints,0,27,17,-5.0,47.5,1,1.0,0,13,2021
Tampa Bay Buccaneers,Atlanta Falcons,0,30,17,-10.5,50.5,1,1.0,0,13,2021
Arizona Cardinals,Chicago Bears,0,33,22,-7.5,42.0,1,1.0,1,13,2021
Cincinnati Bengals,Los Angeles Chargers,1,22,41,-3.0,49.5,0,0.0,1,13,2021
Minnesota Vikings,Detroit Lions,0,27,29,-7.0,46.5,0,0.0,1,13,2021
Indianapolis Colts,Houston Texans,0,31,0,-10.0,44.5,1,1.0,0,13,2021
Miami Dolphins,New York Giants,1,20,9,-6.5,39.5,1,1.0,0,13,2021
Philadelphia Eagles,New York Jets,0,33,18,-5.0,43.5,1,1.0,1,13,2021
San Francisco 49ers,Seattle Seahawks,0,23,30,-3.5,45.5,0,0.0,1,13,2021
Las Vegas Raiders,Washington Commanders,1,15,17,-1.5,48.0,0,0.0,0,13,2021
Los Angeles Rams,Jacksonville Jaguars,1,37,7,-13.0,48.0,1,1.0,0,13,2021
Baltimore Ravens,Pittsburgh Steelers,0,19,20,-4.5,44.0,0,0.0,0,13,2021
Kansas City Chiefs,Denver Broncos,1,22,9,-9.5,47.0,1,1.0,0,13,2021
Buffalo Bills,New England Patriots,1,10,14,-2.5,41.0,0,0.0,0,13,2021
Minnesota Vikings,Pittsburgh Steelers,1,36,28,-3.0,44.0,1,1.0,1,14,2021
Carolina Panthers,Atlanta Falcons,1,21,29,-2.5,41.0,0,0.0,1,14,2021
San Francisco 49ers,Cincinnati Bengals,0,26,23,-1.5,49.0,1,1.0,0,14,2021
Cleveland Browns,Baltimore Ravens,1,24,22,-3.0,42.5,1,0.0,1,14,2021
Seattle Seahawks,Houston Texans,0,33,13,-9.0,40.5,1,1.0,1,14,2021
Kansas City Chiefs,Las Vegas Raiders,1,48,9,-10.0,48.0,1,1.0,1,14,2021
New Orleans Saints,New York Jets,0,30,9,-5.5,43.0,1,1.0,0,14,2021
Tennessee Titans,Jacksonville Jaguars,1,20,0,-8.5,43.5,1,1.0,0,14,2021
Dallas Cowboys,Washington Commanders,0,27,20,-4.5,48.0,1,1.0,0,14,2021
Denver Broncos,Detroit Lions,1,38,10,-11.0,42.0,1,1.0,1,14,2021
Los Angeles Chargers,New York Giants,1,37,21,-9.0,43.0,1,1.0,1,14,2021
Tampa Bay Buccaneers,Buffalo Bills,1,33,27,-3.5,54.5,1,1.0,1,14,2021
Green Bay Packers,Chicago Bears,1,45,30,-11.5,43.0,1,1.0,1,14,2021
Arizona Cardinals,Los Angeles Rams,1,23,30,-2.5,51.5,0,0.0,1,14,2021
Kansas City Chiefs,Los Angeles Chargers,0,34,28,-3.0,52.5,1,1.0,1,15,2021
Indianapolis Colts,New England Patriots,1,27,17,-2.5,45.5,1,1.0,0,15,2021
Green Bay Packers,Baltimore Ravens,0,31,30,-9.5,45.0,1,0.0,1,15,2021
Buffalo Bills,Carolina Panthers,1,31,14,-14.5,43.0,1,1.0,1,15,2021
Arizona Cardinals,Detroit Lions,0,12,30,-13.0,48.0,0,0.0,0,15,2021
Jacksonville Jaguars,Houston Texans,1,16,30,-6.0,40.0,0,0.0,1,15,2021
Miami Dolphins,New York Jets,1,31,24,-10.0,42.0,1,0.0,1,15,2021
Dallas Cowboys,New York Giants,0,21,6,-11.5,43.5,1,1.0,0,15,2021
Pittsburgh Steelers,Tennessee Titans,1,19,13,-1.0,44.0,1,1.0,0,15,2021
Denver Broncos,Cincinnati Bengals,1,10,15,-3.0,44.0,0,0.0,0,15,2021
San Francisco 49ers,Atlanta Falcons,1,31,13,-8.5,48.0,1,1.0,0,15,2021
Tampa Bay Buccaneers,New Orleans Saints,1,0,9,-11.5,45.5,0,0.0,0,15,2021
Cleveland Browns,Las Vegas Raiders,1,14,16,-3.0,41.0,0,0.0,0,15,2021
Minnesota Vikings,Chicago Bears,0,17,9,-6.5,44.5,1,1.0,0,15,2021
Los Angeles Rams,Seattle Seahawks,1,20,10,-7.0,46.0,1,1.0,0,15,2021
Philadelphia Eagles,Washington Commanders,1,27,17,-6.5,42.0,1,1.0,1,15,2021
San Francisco 49ers,Tennessee Titans,0,17,20,-3.5,44.0,0,0.0,0,16,2021
Green Bay Packers,Cleveland Browns,1,24,22,-7.5,46.5,1,0.0,0,16,2021
Arizona Cardinals,Indianapolis Colts,1,16,22,-2.0,49.0,0,0.0,0,16,2021
Atlanta Falcons,Detroit Lions,1,20,16,-6.5,42.0,1,0.0,0,16,2021
Tampa Bay Buccaneers,Carolina Panthers,0,32,6,-9.5,43.0,1,1.0,0,16,2021
Cincinnati Bengals,Baltimore Ravens,1,41,21,-7.0,41.5,1,1.0,1,16,2021
Los Angeles Chargers,Houston Texans,0,29,41,-11.0,45.5,0,0.0,1,16,2021
Los Angeles Rams,Minnesota Vikings,0,30,23,-3.5,49.0,1,1.0,1,16,2021
New England Patriots,Buffalo Bills,1,21,33,-1.5,43.5,0,0.0,1,16,2021
New York Jets,Jacksonville Jaguars,1,26,21,-1.5,41.0,1,1.0,1,16,2021
Philadelphia Eagles,New York Giants,1,34,10,-10.0,40.5,1,1.0,1,16,2021
Seattle Seahawks,Chicago Bears,1,24,25,-6.5,41.5,0,0.0,1,16,2021
Kansas City Chiefs,Pittsburgh Steelers,1,36,10,-10.0,46.0,1,1.0,0,16,2021
Las Vegas Raiders,Denver Broncos,1,17,13,1.0,41.0,1,1.0,0,16,2021
Dallas Cowboys,Washington Commanders,1,56,14,-10.0,46.5,1,1.0,1,16,2021
Miami Dolphins,New Orleans Saints,0,20,3,-2.5,37.5,1,1.0,0,16,2021
Buffalo Bills,Atlanta Falcons,1,29,15,-14.5,44.0,1,0.0,0,17,2021
Chicago Bears,New York Giants,1,29,3,-6.5,36.5,1,1.0,0,17,2021
Kansas City Chiefs,Cincinnati Bengals,0,31,34,-4.0,51.5,0,0.0,1,17,2021
Dallas Cowboys,Arizona Cardinals,1,22,25,-6.5,52.5,0,0.0,0,17,2021
Indianapolis Colts,Las Vegas Raiders,1,20,23,-8.0,45.0,0,0.0,0,17,2021
New England Patriots,Jacksonville Jaguars,1,50,10,-16.5,41.5,1,1.0,1,17,2021
New Orleans Saints,Carolina Panthers,1,18,10,-6.5,37.5,1,1.0,0,17,2021
Tampa Bay Buccaneers,New York Jets,0,28,24,-13.5,45.5,1,0.0,1,17,2021
Tennessee Titans,Miami Dolphins,1,34,3,-3.0,40.0,1,1.0,0,17,2021
Philadelphia Eagles,Washington Commanders,0,20,16,-4.5,44.5,1,0.0,0,17,2021
Los Angeles Chargers,Denver Broncos,1,34,13,-7.5,45.0,1,1.0,1,17,2021
San Francisco 49ers,Houston Texans,1,23,7,-12.5,43.5,1,1.0,0,17,2021
Los Angeles Rams,Baltimore Ravens,0,20,19,-6.0,46.5,1,0.0,0,17,2021
Seattle Seahawks,Detroit Lions,1,51,29,-7.0,41.5,1,1.0,1,17,2021
Green Bay Packers,Minnesota Vikings,1,37,10,-13.0,42.5,1,1.0,1,17,2021
Pittsburgh Steelers,Cleveland Browns,1,26,14,-2.0,42.0,1,1.0,0,17,2021
Kansas City Chiefs,Denver Broncos,0,28,24,-11.0,45.0,1,0.0,1,18,2021
Dallas Cowboys,Philadelphia Eagles,0,51,26,-4.0,43.5,1,1.0,1,18,2021
New Orleans Saints,Atlanta Falcons,0,30,20,-3.5,40.0,1,1.0,1,18,2021
Baltimore Ravens,Pittsburgh Steelers,1,13,16,-3.5,41.0,0,0.0,0,18,2021
Buffalo Bills,New York Jets,1,27,10,-16.5,40.5,1,1.0,0,18,2021
Cleveland Browns,Cincinnati Bengals,1,21,16,-5.5,37.0,1,0.0,0,18,2021
Green Bay Packers,Detroit Lions,0,30,37,-3.0,44.5,0,0.0,1,18,2021
Tennessee Titans,Houston Texans,0,28,25,-10.5,42.5,1,0.0,1,18,2021
Indianapolis Colts,Jacksonville Jaguars,0,11,26,-15.0,43.5,0,0.0,0,18,2021
New England Patriots,Miami Dolphins,0,24,33,-6.0,40.0,0,0.0,1,18,2021
Minnesota Vikings,Chicago Bears,1,31,17,-4.0,44.5,1,1.0,1,18,2021
Washington Commanders,New York Giants,0,22,7,-7.0,37.5,1,1.0,0,18,2021
Tampa Bay Buccaneers,Carolina Panthers,1,41,17,-9.0,41.5,1,1.0,1,18,2021
Arizona Cardinals,Seattle Seahawks,1,30,38,-5.5,48.0,0,0.0,1,18,2021
Los Angeles Chargers,Las Vegas Raiders,0,32,35,-3.0,49.0,0,0.0,1,18,2021
Los Angeles Rams,San Francisco 49ers,1,24,27,-3.5,44.5,0,0.0,1,18,2021
Buffalo Bills,Los Angeles Rams,0,31,10,-2.5,52.0,1,1.0,0,1,2022
New Orleans Saints,Atlanta Falcons,0,27,26,-5.5,43.5,1,0.0,1,1,2022
Carolina Panthers,Cleveland Browns,1,24,26,-1.5,42.0,0,0.0,1,1,2022
San Francisco 49ers,Chicago Bears,0,10,19,-6.0,38.0,0,0.0,0,1,2022
Cincinnati Bengals,Pittsburgh Steelers,1,20,23,-7.0,44.0,0,0.0,0,1,2022
Philadelphia Eagles,Detroit Lions,0,38,35,-6.0,48.5,1,0.0,1,1,2022
Indianapolis Colts,Houston Texans,0,20,20,-7.0,45.5,0,0.0,0,1,2022
Miami Dolphins,New England Patriots,1,20,7,-3.0,46.0,1,1.0,0,1,2022
Baltimore Ravens,New York Jets,0,24,9,-6.5,44.0,1,1.0,0,1,2022
Washington Commanders,Jacksonville Jaguars,1,28,22,-3.0,43.0,1,1.0,1,1,2022
Kansas City Chiefs,Arizona Cardinals,0,44,21,-6.5,54.0,1,1.0,1,1,2022
Los Angeles Chargers,Las Vegas Raiders,1,24,19,-3.5,52.5,1,1.0,0,1,2022
Minnesota Vikings,Green Bay Packers,1,23,7,-2.5,46.0,1,1.0,0,1,2022
Tennessee Titans,New York Giants,1,20,21,-5.0,44.0,0,0.0,0,1,2022
Tampa Bay Buccaneers,Dallas Cowboys,0,19,3,-2.0,50.0,1,1.0,0,1,2022
Denver Broncos,Seattle Seahawks,0,16,17,-6.5,44.5,0,0.0,0,1,2022
Kansas City Chiefs,Los Angeles Chargers,1,27,24,-4.0,54.0,1,0.0,0,2,2022
Baltimore Ravens,Miami Dolphins,1,38,42,-3.5,44.5,0,0.0,1,2,2022
Cleveland Browns,New York Jets,1,30,31,-6.5,39.5,0,0.0,1,2,2022
Detroit Lions,Washington Commanders,1,36,27,-1.5,48.5,1,1.0,1,2,2022
Indianapolis Colts,Jacksonville Jaguars,0,0,24,-3.0,45.0,0,0.0,0,2,2022
Tampa Bay Buccaneers,New Orleans Saints,0,20,10,-2.5,44.0,1,1.0,0,2,2022
New York Giants,Carolina Panthers,1,19,16,-2.0,43.5,1,1.0,0,2,2022
New England Patriots,Pittsburgh Steelers,0,17,14,-2.5,40.5,1,1.0,0,2,2022
Los Angeles Rams,Atlanta Falcons,1,31,27,-10.0,46.5,1,0.0,1,2,2022
San Francisco 49ers,Seattle Seahawks,1,27,7,-9.0,40.5,1,1.0,0,2,2022
Cincinnati Bengals,Dallas Cowboys,0,17,20,-7.0,42.0,0,0.0,0,2,2022
Denver Broncos,Houston Texans,1,16,9,-10.0,45.5,1,0.0,0,2,2022
Las Vegas Raiders,Arizona Cardinals,1,23,29,-5.5,51.5,0,0.0,1,2,2022
Green Bay Packers,Chicago Bears,1,27,10,-10.0,41.5,1,1.0,0,2,2022
Buffalo Bills,Tennessee Titans,1,41,7,-10.0,47.5,1,1.0,1,2,2022
Philadelphia Eagles,Minnesota Vikings,1,24,7,-2.5,50.5,1,1.0,0,2,2022
Cleveland Browns,Pittsburgh Steelers,1,29,17,-4.5,38.5,1,1.0,1,3,2022
New Orleans Saints,Carolina Panthers,0,14,22,-2.5,41.0,0,0.0,0,3,2022
Chicago Bears,Houston Texans,1,23,20,-3.0,39.0,1,0.0,1,3,2022
Kansas City Chiefs,Indianapolis Colts,0,17,20,-5.5,51.0,0,0.0,0,3,2022
Buffalo Bills,Miami Dolphins,0,19,21,-4.5,53.0,0,0.0,0,3,2022
Minnesota Vikings,Detroit Lions,1,28,24,-6.0,52.5,1,0.0,0,3,2022
Baltimore Ravens,New England Patriots,0,37,26,-2.5,44.0,1,1.0,1,3,2022
Cincinnati Bengals,New York Jets,0,27,12,-6.0,45.0,1,1.0,0,3,2022
Las Vegas Raiders,Tennessee Titans,0,22,24,-2.0,45.5,0,0.0,1,3,2022
Philadelphia Eagles,Washington Commanders,0,24,8,-6.0,47.5,1,1.0,0,3,2022
Los Angeles Chargers,Jacksonville Jaguars,1,10,38,-3.0,42.5,0,0.0,1,3,2022
Los Angeles Rams,Arizona Cardinals,0,20,12,-3.5,48.5,1,1.0,0,3,2022
Seattle Seahawks,Atlanta Falcons,1,23,27,-1.0,42.0,0,0.0,1,3,2022
Tampa Bay Buccaneers,Green Bay Packers,1,12,14,-1.0,42.0,0,0.0,0,3,2022
San Francisco 49ers,Denver Broncos,0,10,11,-1.5,44.5,0,0.0,0,3,2022
New York Giants,Dallas Cowboys,1,16,23,-1.0,39.0,0,0.0,0,3,2022
Cincinnati Bengals,Miami Dolphins,1,27,15,-3.5,47.5,1,1.0,0,4,2022
Cleveland Browns,Atlanta Falcons,0,20,23,-1.0,47.5,0,0.0,0,4,2022
Buffalo Bills,Baltimore Ravens,0,23,20,-3.0,51.0,1,0.0,0,4,2022
Dallas Cowboys,Washington Commanders,1,25,10,-3.0,41.5,1,1.0,0,4,2022
Detroit Lions,Seattle Seahawks,1,45,48,-3.5,48.0,0,0.0,1,4,2022
Los Angeles Chargers,Houston Texans,0,34,24,-6.0,45.0,1,1.0,1,4,2022
Indianapolis Colts,Tennessee Titans,1,17,24,-3.5,43.0,0,0.0,0,4,2022
Minnesota Vikings,New Orleans Saints,0,28,25,-3.5,42.0,1,0.0,1,4,2022
New York Giants,Chicago Bears,1,20,12,-3.0,39.0,1,1.0,0,4,2022
Philadelphia Eagles,Jacksonville Jaguars,1,29,21,-6.5,45.5,1,1.0,1,4,2022
Pittsburgh Steelers,New York Jets,1,20,24,-3.5,41.5,0,0.0,1,4,2022
Carolina Panthers,Arizona Cardinals,1,16,26,-1.0,43.5,0,0.0,0,4,2022
Green Bay Packers,New England Patriots,1,27,24,-9.5,40.0,1,0.0,1,4,2022
Las Vegas Raiders,Denver Broncos,1,32,23,-2.5,45.5,1,1.0,1,4,2022
Tampa Bay Buccaneers,Kansas City Chiefs,1,31,41,-1.0,46.0,0,0.0,1,4,2022
San Francisco 49ers,Los Angeles Rams,1,24,9,-1.5,42.5,1,1.0,0,4,2022
Denver Broncos,Indianapolis Colts,1,9,12,-3.0,42.0,0,0.0,0,5,2022
Green Bay Packers,New York Giants,0,22,27,-8.0,41.5,0,0.0,1,5,2022
Buffalo Bills,Pittsburgh Steelers,1,38,3,-14.0,45.5,1,1.0,0,5,2022
Los Angeles Chargers,Cleveland Browns,0,30,28,-1.0,47.0,1,1.0,1,5,2022
Jacksonville Jaguars,Houston Texans,1,6,13,-7.0,43.5,0,0.0,0,5,2022
Minnesota Vikings,Chicago Bears,1,29,22,-7.5,44.0,1,0.0,1,5,2022
New England Patriots,Detroit Lions,1,29,0,-3.0,45.5,1,1.0,0,5,2022
New Orleans Saints,Seattle Seahawks,1,39,32,-5.0,45.0,1,1.0,1,5,2022
Miami Dolphins,New York Jets,0,17,40,-3.5,45.0,0,0.0,1,5,2022
Tampa Bay Buccaneers,Atlanta Falcons,1,21,15,-10.0,46.5,1,0.0,0,5,2022
Tennessee Titans,Washington Commanders,0,21,17,-2.0,43.0,1,1.0,0,5,2022
San Francisco 49ers,Carolina Panthers,0,37,15,-6.5,39.5,1,1.0,1,5,2022
Philadelphia Eagles,Arizona Cardinals,0,20,17,-5.0,49.0,1,0.0,0,5,2022
Los Angeles Rams,Dallas Cowboys,1,10,22,-5.5,42.0,0,0.0,0,5,2022
Baltimore Ravens,Cincinnati Bengals,1,19,17,-3.5,47.5,1,0.0,0,5,2022
Kansas City Chiefs,Las Vegas Raiders,1,30,29,-7.0,51.5,1,0.0,1,5,2022
Washington Commanders,Chicago Bears,0,12,7,-1.0,38.0,1,1.0,0,6,2022
San Francisco 49ers,Atlanta Falcons,0,14,28,-4.5,45.0,0,0.0,0,6,2022
Cleveland Browns,New England Patriots,1,15,38,-2.5,43.0,0,0.0,1,6,2022
Green Bay Packers,New York Jets,1,10,27,-7.5,45.0,0,0.0,0,6,2022
Indianapolis Colts,Jacksonville Jaguars,1,34,27,-1.5,41.0,1,1.0,1,6,2022
Minnesota Vikings,Miami Dolphins,0,24,16,-3.0,45.5,1,1.0,0,6,2022
Cincinnati Bengals,New Orleans Saints,0,30,26,-3.0,43.0,1,1.0,1,6,2022
Baltimore Ravens,New York Giants,0,20,24,-5.5,45.5,0,0.0,0,6,2022
Tampa Bay Buccaneers,Pittsburgh Steelers,0,18,20,-9.5,46.0,0,0.0,0,6,2022
Los Angeles Rams,Carolina Panthers,1,24,10,-10.0,41.5,1,1.0,0,6,2022
Arizona Cardinals,Seattle Seahawks,0,9,19,-2.5,50.5,0,0.0,0,6,2022
Buffalo Bills,Kansas City Chiefs,0,24,20,-2.5,54.0,1,1.0,0,6,2022
Philadelphia Eagles,Dallas Cowboys,1,26,17,-6.5,42.0,1,1.0,1,6,2022
Los Angeles Chargers,Denver Broncos,1,19,16,-4.5,45.5,1,0.0,0,6,2022
Arizona Cardinals,New Orleans Saints,1,42,34,-2.5,44.0,1,1.0,1,7,2022
Baltimore Ravens,Cleveland Browns,1,23,20,-6.5,45.5,1,0.0,0,7,2022
Tampa Bay Buccaneers,Carolina Panthers,0,3,21,-13.0,39.5,0,0.0,0,7,2022
Cincinnati Bengals,Atlanta Falcons,1,35,17,-6.5,47.0,1,1.0,1,7,2022
Dallas Cowboys,Detroit Lions,1,24,6,-6.5,49.0,1,1.0,0,7,2022
Jacksonville Jaguars,New York Giants,1,17,23,-3.0,43.5,0,0.0,0,7,2022
Tennessee Titans,Indianapolis Colts,1,19,10,-2.5,41.5,1,1.0,0,7,2022
Green Bay Packers,Washington Commanders,0,21,23,-4.5,41.5,0,0.0,1,7,2022
New York Jets,Denver Broncos,0,16,9,-1.5,37.0,1,1.0,0,7,2022
Las Vegas Raiders,Houston Texans,1,38,20,-7.0,46.0,1,1.0,1,7,2022
Los Angeles Chargers,Seattle Seahawks,1,23,37,-4.5,50.5,0,0.0,1,7,2022
Kansas City Chiefs,San Francisco 49ers,0,44,23,-1.0,49.0,1,1.0,1,7,2022
Miami Dolphins,Pittsburgh Steelers,1,16,10,-7.5,44.5,1,0.0,0,7,2022
New England Patriots,Chicago Bears,1,14,33,-8.5,40.5,0,0.0,1,7,2022
Tampa Bay Buccaneers,Baltimore Ravens,1,22,27,-1.5,45.5,0,0.0,1,8,2022
Jacksonville Jaguars,Denver Broncos,0,17,21,-2.0,40.5,0,0.0,0,8,2022
Atlanta Falcons,Carolina Panthers,1,37,34,-4.0,41.0,1,0.0,1,8,2022
Dallas Cowboys,Chicago Bears,1,49,29,-10.0,42.5,1,1.0,1,8,2022
Miami Dolphins,Detroit Lions,0,31,27,-3.5,51.5,1,1.0,1,8,2022
Minnesota Vikings,Arizona Cardinals,1,34,26,-3.5,48.5,1,1.0,1,8,2022
Las Vegas Raiders,New Orleans Saints,0,0,24,-1.5,49.5,0,0.0,0,8,2022
New England Patriots,New York Jets,0,22,17,-2.5,40.0,1,1.0,0,8,2022
Philadelphia Eagles,Pittsburgh Steelers,1,35,13,-10.5,43.0,1,1.0,1,8,2022
Tennessee Titans,Houston Texans,0,17,10,-3.5,39.0,1,1.0,0,8,2022
Seattle Seahawks,New York Giants,1,27,13,-3.0,44.5,1,1.0,0,8,2022
Indianapolis Colts,Washington Commanders,1,16,17,-3.0,39.5,0,0.0,0,8,2022
Los Angeles Rams,San Francisco 49ers,1,14,31,-2.5,42.0,0,0.0,1,8,2022
Buffalo Bills,Green Bay Packers,1,27,17,-10.5,47.0,1,0.0,0,8,2022
Cincinnati Bengals,Cleveland Browns,0,13,32,-3.0,45.0,0,0.0,0,8,2022
Philadelphia Eagles,Houston Texans,0,29,17,-13.5,45.5,1,0.0,1,9,2022
Los Angeles Chargers,Atlanta Falcons,0,20,17,-3.0,49.5,1,0.0,0,9,2022
Miami Dolphins,Chicago Bears,0,35,32,-4.0,45.5,1,0.0,1,9,2022
Cincinnati Bengals,Carolina Panthers,1,42,21,-7.0,42.5,1,1.0,1,9,2022
Green Bay Packers,Detroit Lions,0,9,15,-3.5,49.5,0,0.0,0,9,2022
Las Vegas Raiders,Jacksonville Jaguars,0,20,27,-2.5,48.0,0,0.0,0,9,2022
New England Patriots,Indianapolis Colts,1,26,3,-5.0,40.5,1,1.0,0,9,2022
Buffalo Bills,New York Jets,0,17,20,-11.0,46.0,0,0.0,0,9,2022
Minnesota Vikings,Washington Commanders,0,20,17,-3.0,43.5,1,0.0,0,9,2022
Arizona Cardinals,Seattle Seahawks,1,21,31,-2.0,49.0,0,0.0,1,9,2022
Tampa Bay Buccaneers,Los Angeles Rams,1,16,13,-3.0,42.5,1,0.0,0,9,2022
Kansas City Chiefs,Tennessee Titans,1,20,17,-12.5,45.5,1,0.0,0,9,2022
Baltimore Ravens,New Orleans Saints,0,27,13,-1.5,46.5,1,1.0,0,9,2022
Atlanta Falcons,Carolina Panthers,0,15,25,-2.5,41.5,0,0.0,0,10,2022
Buffalo Bills,Minnesota Vikings,1,30,33,-6.5,44.5,0,0.0,1,10,2022
Chicago Bears,Detroit Lions,1,30,31,-2.5,48.5,0,0.0,1,10,2022
Kansas City Chiefs,Jacksonville Jaguars,1,27,17,-9.0,51.0,1,1.0,0,10,2022
Miami Dolphins,Cleveland Browns,1,39,17,-3.5,49.5,1,1.0,1,10,2022
New York Giants,Houston Texans,1,24,16,-4.5,41.0,1,1.0,0,10,2022
New Orleans Saints,Pittsburgh Steelers,0,10,20,-1.0,40.0,0,0.0,0,10,2022
Tennessee Titans,Denver Broncos,1,17,10,-2.5,39.0,1,1.0,0,10,2022
Las Vegas Raiders,Indianapolis Colts,1,20,25,-4.0,41.0,0,0.0,1,10,2022
Dallas Cowboys,Green Bay Packers,0,28,31,-4.0,44.5,0,0.0,1,10,2022
Los Angeles Rams,Arizona Cardinals,1,17,27,-2.5,39.5,0,0.0,1,10,2022
San Francisco 49ers,Los Angeles Chargers,1,22,16,-7.5,45.0,1,0.0,0,10,2022
Tampa Bay Buccaneers,Seattle Seahawks,0,21,16,-2.5,45.0,1,1.0,0,10,2022
Philadelphia Eagles,Washington Commanders,1,21,32,-10.5,43.5,0,0.0,1,10,2022
Green Bay Packers,Tennessee Titans,1,17,27,-3.0,41.0,0,0.0,1,11,2022
Atlanta Falcons,Chicago Bears,1,27,24,-2.5,49.0,1,1.0,1,11,2022
Baltimore Ravens,Carolina Panthers,1,13,3,-13.0,41.5,1,0.0,0,11,2022
Buffalo Bills,Cleveland Browns,0,31,23,-7.5,50.0,1,1.0,1,11,2022
Washington Commanders,Houston Texans,0,23,10,-3.0,41.0,1,1.0,0,11,2022
Philadelphia Eagles,Indianapolis Colts,0,17,16,-6.5,45.5,1,0.0,0,11,2022
New England Patriots,New York Jets,1,10,3,-3.5,38.0,1,1.0,0,11,2022
New Orleans Saints,Los Angeles Rams,1,27,20,-2.5,39.0,1,1.0,1,11,2022
New York Giants,Detroit Lions,1,18,31,-3.0,44.5,0,0.0,1,11,2022
Denver Broncos,Las Vegas Raiders,1,16,22,-2.5,41.0,0,0.0,0,11,2022
Dallas Cowboys,Minnesota Vikings,0,40,3,-1.5,48.5,1,1.0,0,11,2022
Cincinnati Bengals,Pittsburgh Steelers,0,37,30,-3.5,40.0,1,1.0,1,11,2022
Kansas City Chiefs,Los Angeles Chargers,0,30,27,-5.0,52.5,1,0.0,1,11,2022
San Francisco 49ers,Arizona Cardinals,0,38,10,-8.0,43.0,1,1.0,1,11,2022
Buffalo Bills,Detroit Lions,0,28,25,-9.5,54.5,1,0.0,0,12,2022
Dallas Cowboys,New York Giants,1,28,20,-10.0,45.5,1,0.0,1,12,2022
Minnesota Vikings,New England Patriots,1,33,26,-2.5,42.5,1,1.0,1,12,2022
Denver Broncos,Carolina Panthers,0,10,23,-1.0,36.0,0,0.0,0,12,2022
Tampa Bay Buccaneers,Cleveland Browns,0,17,23,-3.0,42.0,0,0.0,0,12,2022
Baltimore Ravens,Jacksonville Jaguars,0,27,28,-3.5,43.0,0,0.0,1,12,2022
Miami Dolphins,Houston Texans,1,30,15,-14.0,47.0,1,1.0,0,12,2022
New York Jets,Chicago Bears,1,31,10,-7.0,38.5,1,1.0,1,12,2022
Cincinnati Bengals,Tennessee Titans,0,20,16,-1.5,43.0,1,1.0,0,12,2022
Washington Commanders,Atlanta Falcons,1,19,13,-4.0,40.5,1,1.0,0,12,2022
Los Angeles Chargers,Arizona Cardinals,0,25,24,-2.5,48.5,1,0.0,1,12,2022
Seattle Seahawks,Las Vegas Raiders,1,34,40,-4.0,47.5,0,0.0,1,12,2022
Kansas City Chiefs,Los Angeles Rams,1,26,10,-15.5,42.0,1,1.0,0,12,2022
San Francisco 49ers,New Orleans Saints,1,13,0,-9.0,43.0,1,1.0,0,12,2022
Philadelphia Eagles,Green Bay Packers,1,40,33,-6.5,46.0,1,1.0,1,12,2022
Indianapolis Colts,Pittsburgh Steelers,1,17,24,-2.5,39.5,0,0.0,1,12,2022
Buffalo Bills,New England Patriots,0,24,10,-3.5,43.5,1,1.0,0,13,2022
Atlanta Falcons,Pittsburgh Steelers,1,16,19,-1.0,43.0,0,0.0,0,13,2022
Baltimore Ravens,Denver Broncos,1,10,9,-9.5,39.5,1,0.0,0,13,2022
Green Bay Packers,Chicago Bears,0,28,19,-4.5,45.0,1,1.0,1,13,2022
Detroit Lions,Jacksonville Jaguars,1,40,14,-1.0,51.0,1,1.0,1,13,2022
Cleveland Browns,Houston Texans,0,27,14,-8.0,46.5,1,1.0,0,13,2022
Minnesota Vikings,New York Jets,1,27,22,-3.0,44.5,1,1.0,1,13,2022
Washington Commanders,New York Giants,0,20,20,-2.0,40.5,0,0.0,0,13,2022
Philadelphia Eagles,Tennessee Titans,1,35,10,-4.0,44.0,1,1.0,1,13,2022
Seattle Seahawks,Los Angeles Rams,0,27,23,-7.0,41.0,1,0.0,1,13,2022
San Francisco 49ers,Miami Dolphins,1,33,17,-4.5,45.5,1,1.0,1,13,2022
Kansas City Chiefs,Cincinnati Bengals,0,24,27,-2.5,53.0,0,0.0,0,13,2022
Las Vegas Raiders,Los Angeles Chargers,1,27,20,-2.5,49.5,1,1.0,0,13,2022
Dallas Cowboys,Indianapolis Colts,1,54,19,-10.5,44.5,1,1.0,1,13,2022
Tampa Bay Buccaneers,New Orleans Saints,1,17,16,-3.0,41.0,1,0.0,0,13,2022
Las Vegas Raiders,Los Angeles Rams,0,16,17,-6.0,44.5,0,0.0,0,14,2022
Buffalo Bills,New York Jets,1,20,12,-10.0,43.0,1,0.0,0,14,2022
Cincinnati Bengals,Cleveland Browns,1,23,10,-5.5,46.5,1,1.0,0,14,2022
Dallas Cowboys,Houston Texans,1,27,23,-17.0,44.0,1,0.0,1,14,2022
Detroit Lions,Minnesota Vikings,1,34,23,-2.0,51.5,1,1.0,1,14,2022
Philadelphia Eagles,New York Giants,0,48,22,-7.0,45.0,1,1.0,1,14,2022
Pittsburgh Steelers,Baltimore Ravens,1,14,16,-1.5,36.5,0,0.0,0,14,2022
Tennessee Titans,Jacksonville Jaguars,1,22,36,-3.5,41.0,0,0.0,1,14,2022
Kansas City Chiefs,Denver Broncos,0,34,28,-8.5,44.0,1,0.0,1,14,2022
San Francisco 49ers,Tampa Bay Buccaneers,1,35,7,-3.5,37.5,1,1.0,1,14,2022
Seattle Seahawks,Carolina Panthers,1,24,30,-4.0,44.5,0,0.0,1,14,2022
Miami Dolphins,Los Angeles Chargers,0,17,23,-3.0,53.5,0,0.0,0,14,2022
New England Patriots,Arizona Cardinals,0,27,13,-1.5,43.5,1,1.0,0,14,2022
San Francisco 49ers,Seattle Seahawks,0,21,13,-3.0,43.0,1,1.0,0,15,2022
Minnesota Vikings,Indianapolis Colts,1,39,36,-3.5,47.5,1,0.0,1,15,2022
Cleveland Browns,Baltimore Ravens,1,13,3,-3.0,38.0,1,1.0,0,15,2022
Buffalo Bills,Miami Dolphins,1,32,29,-7.0,43.5,1,0.0,1,15,2022
Carolina Panthers,Pittsburgh Steelers,1,16,24,-2.5,37.5,0,0.0,1,15,2022
Philadelphia Eagles,Chicago Bears,0,25,20,-8.5,48.5,1,0.0,0,15,2022
Kansas City Chiefs,Houston Texans,0,30,24,-14.5,48.5,1,0.0,1,15,2022
Dallas Cowboys,Jacksonville Jaguars,0,34,40,-4.0,48.0,0,0.0,1,15,2022
New Orleans Saints,Atlanta Falcons,1,21,18,-4.0,43.5,1,0.0,0,15,2022
New York Jets,Detroit Lions,1,17,20,-1.0,43.5,0,0.0,0,15,2022
Denver Broncos,Arizona Cardinals,1,24,15,-1.5,36.5,1,1.0,1,15,2022
Las Vegas Raiders,New England Patriots,1,30,24,-1.5,45.0,1,1.0,1,15,2022
Los Angeles Chargers,Tennessee Titans,1,17,14,-3.0,46.5,1,0.0,0,15,2022
Cincinnati Bengals,Tampa Bay Buccaneers,0,34,23,-3.5,45.0,1,1.0,1,15,2022
Washington Commanders,New York Giants,1,12,20,-4.5,40.5,0,0.0,0,15,2022
Green Bay Packers,Los Angeles Rams,1,24,12,-7.0,39.5,1,1.0,0,15,2022
New York Jets,Jacksonville Jaguars,1,3,19,-2.0,37.0,0,0.0,0,16,2022
Baltimore Ravens,Atlanta Falcons,1,17,9,-6.5,34.5,1,1.0,0,16,2022
Detroit Lions,Carolina Panthers,0,23,37,-2.5,43.5,0,0.0,1,16,2022
Buffalo Bills,Chicago Bears,0,35,13,-8.0,40.0,1,1.0,1,16,2022
Cleveland Browns,New Orleans Saints,1,10,17,-3.0,32.0,0,0.0,0,16,2022
Kansas City Chiefs,Seattle Seahawks,1,24,10,-10.0,49.5,1,1.0,0,16,2022
Minnesota Vikings,New York Giants,1,27,24,-4.0,49.5,1,0.0,1,16,2022
Cincinnati Bengals,New England Patriots,0,22,18,-3.0,41.5,1,1.0,0,16,2022
Pittsburgh Steelers,Las Vegas Raiders,1,13,10,-2.0,38.0,1,1.0,0,16,2022
Tennessee Titans,Houston Texans,1,14,19,-3.0,35.5,0,0.0,0,16,2022
San Francisco 49ers,Washington Commanders,1,37,20,-6.5,37.5,1,1.0,1,16,2022
Dallas Cowboys,Philadelphia Eagles,1,40,34,-4.5,47.0,1,1.0,1,16,2022
Miami Dolphins,Green Bay Packers,1,20,26,-3.5,49.5,0,0.0,0,16,2022
Denver Broncos,Los Angeles Rams,0,14,51,-3.0,36.5,0,0.0,1,16,2022
Tampa Bay Buccaneers,Arizona Cardinals,0,19,16,-7.5,40.5,1,0.0,0,16,2022
Los Angeles Chargers,Indianapolis Colts,0,20,3,-4.0,45.5,1,1.0,0,16,2022
Dallas Cowboys,Tennessee Titans,0,27,13,-12.5,39.5,1,1.0,1,17,2022
Atlanta Falcons,Arizona Cardinals,1,20,19,-6.0,41.0,1,0.0,0,17,2022
Detroit Lions,Chicago Bears,1,41,10,-6.0,52.5,1,1.0,0,17,2022
Jacksonville Jaguars,Houston Texans,0,31,3,-3.0,43.0,1,1.0,0,17,2022
Kansas City Chiefs,Denver Broncos,1,27,24,-12.5,45.0,1,0.0,1,17,2022
New England Patriots,Miami Dolphins,1,23,21,-2.5,41.0,1,0.0,1,17,2022
New York Giants,Indianapolis Colts,1,38,10,-5.5,39.0,1,1.0,1,17,2022
Philadelphia Eagles,New Orleans Saints,1,10,20,-5.5,41.5,0,0.0,0,17,2022
Tampa Bay Buccaneers,Carolina Panthers,1,30,24,-3.5,40.5,1,1.0,1,17,2022
Washington Commanders,Cleveland Browns,1,10,24,-2.0,40.5,0,0.0,0,17,2022
San Francisco 49ers,Las Vegas Raiders,0,37,34,-9.5,42.5,1,0.0,1,17,2022
New York Jets,Seattle Seahawks,0,6,23,-1.5,42.5,0,0.0,0,17,2022
Green Bay Packers,Minnesota Vikings,1,41,17,-3.0,47.5,1,1.0,1,17,2022
Los Angeles Chargers,Los Angeles Rams,1,31,10,-6.5,41.5,1,1.0,0,17,2022
Baltimore Ravens,Pittsburgh Steelers,1,13,16,-2.5,35.0,0,0.0,0,17,2022
Kansas City Chiefs,Las Vegas Raiders,0,31,13,-9.0,52.5,1,1.0,0,18,2022
Jacksonville Jaguars,Tennessee Titans,1,20,16,-6.5,40.0,1,0.0,0,18,2022
Atlanta Falcons,Tampa Bay Buccaneers,1,30,17,-4.0,40.5,1,1.0,1,18,2022
Buffalo Bills,New England Patriots,1,35,23,-7.5,43.5,1,1.0,1,18,2022
Minnesota Vikings,Chicago Bears,0,29,13,-7.0,42.5,1,1.0,0,18,2022
Cincinnati Bengals,Baltimore Ravens,1,27,16,-9.0,39.5,1,1.0,1,18,2022
Indianapolis Colts,Houston Texans,1,31,32,-2.5,37.5,0,0.0,1,18,2022
Miami Dolphins,New York Jets,1,11,6,-3.5,37.0,1,1.0,0,18,2022
New Orleans Saints,Carolina Panthers,1,7,10,-3.5,41.5,0,0.0,0,18,2022
Pittsburgh Steelers,Cleveland Browns,1,28,14,-2.5,40.0,1,1.0,1,18,2022
Denver Broncos,Los Angeles Chargers,1,31,28,-3.0,39.5,1,0.0,1,18,2022
Philadelphia Eagles,New York Giants,1,22,16,-16.0,42.0,1,0.0,0,18,2022
San Francisco 49ers,Arizona Cardinals,1,38,13,-14.0,39.5,1,1.0,1,18,2022
Seattle Seahawks,Los Angeles Rams,1,19,16,-6.0,41.5,1,0.0,0,18,2022
Dallas Cowboys,Washington Commanders,0,6,26,-7.0,40.0,0,0.0,0,18,2022
Green Bay Packers,Detroit Lions,1,16,20,-5.0,49.0,0,0.0,0,18,2022
Kansas City Chiefs,Detroit Lions,1,20,21,-4.0,53.5,0,0.0,0,1,2023
Atlanta Falcons,Carolina Panthers,1,24,10,-3.0,43.0,1,1.0,0,1,2023
Baltimore Ravens,Houston Texans,1,25,9,-9.0,44.5,1,1.0,0,1,2023
Chicago Bears,Green Bay Packers,1,20,38,-2.5,44.5,0,0.0,1,1,2023
Cincinnati Bengals,Cleveland Browns,0,3,24,-1.0,46.5,0,0.0,0,1,2023
Jacksonville Jaguars,Indianapolis Colts,0,31,21,-3.5,43.5,1,1.0,1,1,2023
Minnesota Vikings,Tampa Bay Buccaneers,1,17,20,-4.0,45.5,0,0.0,0,1,2023
New Orleans Saints,Tennessee Titans,1,16,15,-3.5,41.5,1,0.0,0,1,2023
San Francisco 49ers,Pittsburgh Steelers,0,30,7,-2.5,40.5,1,1.0,0,1,2023
Washington Commanders,Arizona Cardinals,1,20,16,-6.0,40.5,1,0.0,0,1,2023
Denver Broncos,Las Vegas Raiders,1,16,17,-2.5,44.5,0,0.0,0,1,2023
Los Angeles Chargers,Miami Dolphins,1,34,36,-2.5,49.5,0,0.0,1,1,2023
Philadelphia Eagles,New England Patriots,0,25,20,-4.0,45.5,1,1.0,0,1,2023
Seattle Seahawks,Los Angeles Rams,1,13,30,-5.5,46.5,0,0.0,0,1,2023
Dallas Cowboys,New York Giants,0,40,0,-3.0,46.5,1,1.0,0,1,2023
Buffalo Bills,New York Jets,0,16,22,-1.5,47.5,0,0.0,0,1,2023
Philadelphia Eagles,Minnesota Vikings,1,34,28,-6.0,49.0,1,0.0,1,2,2023
Atlanta Falcons,Green Bay Packers,1,25,24,-3.0,40.5,1,0.0,1,2,2023
Buffalo Bills,Las Vegas Raiders,1,38,10,-8.0,47.0,1,1.0,1,2,2023
Cincinnati Bengals,Baltimore Ravens,1,24,27,-3.5,45.5,0,0.0,1,2,2023
Detroit Lions,Seattle Seahawks,1,31,37,-4.5,47.0,0,0.0,1,2,2023
Houston Texans,Indianapolis Colts,1,20,31,-1.0,40.0,0,0.0,1,2,2023
Kansas City Chiefs,Jacksonville Jaguars,0,17,9,-3.5,51.0,1,1.0,0,2,2023
Tampa Bay Buccaneers,Chicago Bears,1,27,17,-2.5,42.0,1,1.0,1,2,2023
Los Angeles Chargers,Tennessee Titans,0,24,27,-2.5,45.5,0,0.0,1,2,2023
New York Giants,Arizona Cardinals,0,31,28,-4.5,36.5,1,0.0,1,2,2023
San Francisco 49ers,Los Angeles Rams,0,30,23,-7.5,44.5,1,0.0,1,2,2023
Dallas Cowboys,New York Jets,1,30,10,-8.5,38.5,1,1.0,1,2,2023
Denver Broncos,Washington Commanders,1,33,35,-4.0,38.5,0,0.0,1,2,2023
Miami Dolphins,New England Patriots,0,24,17,-2.0,46.5,1,1.0,0,2,2023
New Orleans Saints,Carolina Panthers,0,20,17,-3.0,39.5,1,0.0,0,2,2023
Cleveland Browns,Pittsburgh Steelers,0,22,26,-2.5,39.0,0,0.0,1,2,2023
San Francisco 49ers,New York Giants,1,30,12,-10.5,43.5,1,1.0,0,3,2023
Baltimore Ravens,Indianapolis Colts,1,19,22,-7.5,44.5,0,0.0,0,3,2023
Cleveland Browns,Tennessee Titans,1,27,3,-3.5,38.0,1,1.0,0,3,2023
Detroit Lions,Atlanta Falcons,1,20,6,-3.0,47.5,1,1.0,0,3,2023
Green Bay Packers,New Orleans Saints,1,18,17,-1.5,41.5,1,0.0,0,3,2023
Jacksonville Jaguars,Houston Texans,1,17,37,-9.5,43.5,0,0.0,1,3,2023
Miami Dolphins,Denver Broncos,1,70,20,-6.0,47.5,1,1.0,1,3,2023
Minnesota Vikings,Los Angeles Chargers,1,24,28,-1.0,53.0,0,0.0,0,3,2023
New England Patriots,New York Jets,0,15,10,-2.5,35.5,1,1.0,0,3,2023
Buffalo Bills,Washington Commanders,0,37,3,-4.5,43.5,1,1.0,0,3,2023
Seattle Seahawks,Carolina Panthers,1,37,27,-5.0,43.0,1,1.0,1,3,2023
Dallas Cowboys,Arizona Cardinals,0,16,28,-11.5,43.5,0,0.0,1,3,2023
Kansas City Chiefs,Chicago Bears,1,41,10,-13.0,48.5,1,1.0,1,3,2023
Las Vegas Raiders,Pittsburgh Steelers,1,18,23,-3.0,43.5,0,0.0,0,3,2023
Philadelphia Eagles,Tampa Bay Buccaneers,0,25,11,-6.0,44.0,1,1.0,0,3,2023
Cincinnati Bengals,Los Angeles Rams,1,19,16,-3.0,45.5,1,0.0,0,3,2023
Detroit Lions,Green Bay Packers,0,34,20,-2.5,45.0,1,1.0,1,4,2023
Jacksonville Jaguars,Atlanta Falcons,0,23,7,-3.5,42.5,1,1.0,0,4,2023
Buffalo Bills,Miami Dolphins,1,48,20,-2.5,53.0,1,1.0,1,4,2023
Minnesota Vikings,Carolina Panthers,0,21,13,-4.5,46.5,1,1.0,0,4,2023
Denver Broncos,Chicago Bears,0,31,28,-3.0,47.0,1,0.0,1,4,2023
Baltimore Ravens,Cleveland Browns,0,28,3,-2.5,41.0,1,1.0,0,4,2023
Pittsburgh Steelers,Houston Texans,0,6,30,-3.0,41.5,0,0.0,0,4,2023
Los Angeles Rams,Indianapolis Colts,0,29,23,-1.0,44.5,1,1.0,1,4,2023
New Orleans Saints,Tampa Bay Buccaneers,1,9,26,-4.5,41.0,0,0.0,0,4,2023
Philadelphia Eagles,Washington Commanders,1,34,31,-9.5,43.0,1,0.0,1,4,2023
Cincinnati Bengals,Tennessee Titans,0,3,27,-2.5,41.5,0,0.0,0,4,2023
Los Angeles Chargers,Las Vegas Raiders,1,24,17,-5.5,48.5,1,1.0,0,4,2023
Dallas Cowboys,New England Patriots,1,38,3,-6.5,43.5,1,1.0,0,4,2023
San Francisco 49ers,Arizona Cardinals,1,35,16,-16.5,44.5,1,1.0,1,4,2023
Kansas City Chiefs,New York Jets,0,23,20,-9.5,41.5,1,0.0,1,4,2023
Seattle Seahawks,New York Giants,0,24,3,-2.5,46.5,1,1.0,0,4,2023
Washington Commanders,Chicago Bears,1,20,40,-6.0,44.5,0,0.0,1,5,2023
Buffalo Bills,Jacksonville Jaguars,0,20,25,-5.5,48.5,0,0.0,0,5,2023
Atlanta Falcons,Houston Texans,1,21,19,-2.5,42.0,1,0.0,0,5,2023
Detroit Lions,Carolina Panthers,1,42,24,-9.5,43.5,1,1.0,1,5,2023
Tennessee Titans,Indianapolis Colts,0,16,23,-2.5,43.5,0,0.0,0,5,2023
Miami Dolphins,New York Giants,1,31,16,-13.0,47.5,1,1.0,0,5,2023
New England Patriots,New Orleans Saints,1,0,34,-1.5,38.5,0,0.0,0,5,2023
Baltimore Ravens,Pittsburgh Steelers,0,10,17,-4.5,38.5,0,0.0,0,5,2023
Cincinnati Bengals,Arizona Cardinals,0,34,20,-3.0,45.5,1,1.0,1,5,2023
Philadelphia Eagles,Los Angeles Rams,0,23,14,-3.5,49.5,1,1.0,0,5,2023
Denver Broncos,New York Jets,1,21,31,-2.5,42.5,0,0.0,1,5,2023
Kansas City Chiefs,Minnesota Vikings,0,27,20,-3.5,52.5,1,1.0,0,5,2023
San Francisco 49ers,Dallas Cowboys,1,42,10,-3.5,45.0,1,1.0,1,5,2023
Las Vegas Raiders,Green Bay Packers,1,17,13,-1.5,44.5,1,1.0,0,5,2023
Kansas City Chiefs,Denver Broncos,1,19,8,-10.5,47.5,1,1.0,0,6,2023
Baltimore Ravens,Tennessee Titans,0,24,16,-5.0,42.5,1,1.0,0,6,2023
Atlanta Falcons,Washington Commanders,1,16,24,-1.5,41.5,0,0.0,0,6,2023
Minnesota Vikings,Chicago Bears,0,19,13,-3.0,44.5,1,1.0,0,6,2023
Cincinnati Bengals,Seattle Seahawks,1,17,13,-3.0,45.5,1,1.0,0,6,2023
San Francisco 49ers,Cleveland Browns,0,17,19,-9.5,35.5,0,0.0,1,6,2023
New Orleans Saints,Houston Texans,0,13,20,-2.5,41.5,0,0.0,0,6,2023
Jacksonville Jaguars,Indianapolis Colts,1,37,20,-4.5,43.5,1,1.0,1,6,2023
Miami Dolphins,Carolina Panthers,1,42,21,-14.0,47.5,1,1.0,1,6,2023
Las Vegas Raiders,New England Patriots,1,21,17,-2.5,42.5,1,1.0,0,6,2023
Los Angeles Rams,Arizona Cardinals,1,26,9,-7.0,47.5,1,1.0,0,6,2023
Philadelphia Eagles,New York Jets,0,14,20,-6.5,43.5,0,0.0,0,6,2023
Detroit Lions,Tampa Bay Buccaneers,0,20,6,-3.0,43.5,1,1.0,0,6,2023
Buffalo Bills,New York Giants,1,14,9,-15.5,43.5,1,0.0,0,6,2023
Dallas Cowboys,Los Angeles Chargers,0,20,17,-1.5,50.0,1,1.0,0,6,2023
New Orleans Saints,Jacksonville Jaguars,1,24,31,-2.5,40.5,0,0.0,1,7,2023
Baltimore Ravens,Detroit Lions,1,38,6,-3.0,43.5,1,1.0,1,7,2023
Las Vegas Raiders,Chicago Bears,0,12,30,-2.5,38.5,0,0.0,1,7,2023
Cleveland Browns,Indianapolis Colts,0,39,38,-3.5,39.5,1,0.0,1,7,2023
Buffalo Bills,New England Patriots,0,25,29,-7.5,41.5,0,0.0,1,7,2023
Washington Commanders,New York Giants,0,7,14,-3.0,36.5,0,0.0,0,7,2023
Tampa Bay Buccaneers,Atlanta Falcons,1,13,16,-3.0,37.5,0,0.0,0,7,2023
Los Angeles Rams,Pittsburgh Steelers,1,17,24,-3.0,43.5,0,0.0,0,7,2023
Seattle Seahawks,Arizona Cardinals,1,20,10,-8.5,43.5,1,1.0,0,7,2023
Denver Broncos,Green Bay Packers,1,19,17,-1.0,44.0,1,1.0,0,7,2023
Kansas City Chiefs,Los Angeles Chargers,1,31,17,-5.5,48.5,1,1.0,0,7,2023
Philadelphia Eagles,Miami Dolphins,1,31,17,-3.0,51.5,1,1.0,0,7,2023
San Francisco 49ers,Minnesota Vikings,0,17,22,-7.0,44.0,0,0.0,0,7,2023
Buffalo Bills,Tampa Bay Buccaneers,1,24,18,-10.0,43.5,1,0.0,0,8,2023
Houston Texans,Carolina Panthers,0,13,15,-3.5,42.5,0,0.0,0,8,2023
Dallas Cowboys,Los Angeles Rams,1,43,20,-6.5,44.5,1,1.0,1,8,2023
Minnesota Vikings,Green Bay Packers,0,24,10,-1.5,41.5,1,1.0,0,8,2023
New Orleans Saints,Indianapolis Colts,0,38,27,-1.5,43.5,1,1.0,1,8,2023
Miami Dolphins,New England Patriots,1,31,17,-8.5,46.5,1,1.0,1,8,2023
New York Jets,New York Giants,0,13,10,-3.5,34.5,1,0.0,0,8,2023
Jacksonville Jaguars,Pittsburgh Steelers,0,20,10,-2.5,40.5,1,1.0,0,8,2023
Atlanta Falcons,Tennessee Titans,0,23,28,-2.5,35.5,0,0.0,1,8,2023
Philadelphia Eagles,Washington Commanders,0,38,31,-6.5,42.5,1,1.0,1,8,2023
Seattle Seahawks,Cleveland Browns,1,24,20,-4.5,39.5,1,0.0,1,8,2023
Baltimore Ravens,Arizona Cardinals,0,31,24,-9.5,44.5,1,0.0,1,8,2023
Kansas City Chiefs,Denver Broncos,0,9,24,-7.0,45.5,0,0.0,0,8,2023
San Francisco 49ers,Cincinnati Bengals,1,17,31,-4.5,44.5,0,0.0,1,8,2023
Los Angeles Chargers,Chicago Bears,1,30,13,-10.5,45.5,1,1.0,0,8,2023
Detroit Lions,Las Vegas Raiders,1,26,14,-7.0,45.5,1,1.0,0,8,2023
Pittsburgh Steelers,Tennessee Titans,1,20,16,-3.0,36.5,1,1.0,0,9,2023
Kansas City Chiefs,Miami Dolphins,0,21,14,-1.5,51.5,1,1.0,0,9,2023
Atlanta Falcons,Minnesota Vikings,1,28,31,-3.5,39.5,0,0.0,1,9,2023
Baltimore Ravens,Seattle Seahawks,1,37,3,-6.5,44.5,1,1.0,0,9,2023
Cleveland Browns,Arizona Cardinals,1,27,0,-13.5,38.5,1,1.0,0,9,2023
Green Bay Packers,Los Angeles Rams,1,20,3,-3.5,37.5,1,1.0,0,9,2023
Houston Texans,Tampa Bay Buccaneers,1,39,37,-2.5,36.5,1,0.0,1,9,2023
New England Patriots,Washington Commanders,1,17,20,-2.5,40.5,0,0.0,0,9,2023
New Orleans Saints,Chicago Bears,1,24,17,-8.5,42.5,1,0.0,0,9,2023
Indianapolis Colts,Carolina Panthers,0,27,13,-1.5,44.5,1,1.0,0,9,2023
Las Vegas Raiders,New York Giants,1,30,6,-1.5,38.5,1,1.0,0,9,2023
Philadelphia Eagles,Dallas Cowboys,1,28,23,-3.0,46.5,1,1.0,1,9,2023
Cincinnati Bengals,Buffalo Bills,1,24,18,-1.5,50.5,1,1.0,0,9,2023
Los Angeles Chargers,New York Jets,0,27,6,-3.0,41.0,1,1.0,0,9,2023
Chicago Bears,Carolina Panthers,1,16,13,-3.5,38.5,1,0.0,0,10,2023
Indianapolis Colts,New England Patriots,0,10,6,-2.5,41.5,1,1.0,0,10,2023
Baltimore Ravens,Cleveland Browns,1,31,33,-6.0,38.5,0,0.0,1,10,2023
Cincinnati Bengals,Houston Texans,1,27,30,-5.5,45.5,0,0.0,1,10,2023
San Francisco 49ers,Jacksonville Jaguars,0,34,3,-3.0,44.5,1,1.0,0,10,2023
New Orleans Saints,Minnesota Vikings,0,19,27,-2.5,40.5,0,0.0,1,10,2023
Pittsburgh Steelers,Green Bay Packers,1,23,19,-3.0,38.5,1,1.0,1,10,2023
Tampa Bay Buccaneers,Tennessee Titans,1,20,6,-2.5,38.5,1,1.0,0,10,2023
Atlanta Falcons,Arizona Cardinals,0,23,25,-2.5,43.5,0,0.0,1,10,2023
Detroit Lions,Los Angeles Chargers,0,41,38,-2.5,48.5,1,1.0,1,10,2023
Dallas Cowboys,New York Giants,1,49,17,-17.5,38.5,1,1.0,1,10,2023
Seattle Seahawks,Washington Commanders,1,29,26,-5.5,44.5,1,0.0,1,10,2023
New York Jets,Las Vegas Raiders,0,12,16,-1.5,35.5,0,0.0,0,10,2023
Buffalo Bills,Denver Broncos,1,22,24,-7.5,47.5,0,0.0,0,10,2023
Baltimore Ravens,Cincinnati Bengals,1,34,20,-3.5,46.5,1,1.0,1,11,2023
Dallas Cowboys,Carolina Panthers,0,33,10,-11.0,42.5,1,1.0,1,11,2023
Cleveland Browns,Pittsburgh Steelers,1,13,10,-1.5,33.5,1,1.0,0,11,2023
Detroit Lions,Chicago Bears,1,31,26,-7.5,48.5,1,0.0,1,11,2023
Los Angeles Chargers,Green Bay Packers,0,20,23,-3.0,44.0,0,0.0,0,11,2023
Houston Texans,Arizona Cardinals,1,21,16,-5.5,48.5,1,0.0,0,11,2023
Jacksonville Jaguars,Tennessee Titans,1,34,14,-6.5,40.0,1,1.0,1,11,2023
Miami Dolphins,Las Vegas Raiders,1,20,13,-13.5,46.0,1,0.0,0,11,2023
Washington Commanders,New York Giants,1,19,31,-7.5,39.5,0,0.0,1,11,2023
San Francisco 49ers,Tampa Bay Buccaneers,1,27,14,-13.5,41.5,1,0.0,0,11,2023
Buffalo Bills,New York Jets,1,32,6,-7.5,38.5,1,1.0,0,11,2023
Los Angeles Rams,Seattle Seahawks,1,17,16,-2.0,45.5,1,0.0,0,11,2023
Denver Broncos,Minnesota Vikings,1,21,20,-2.5,42.5,1,0.0,0,11,2023
Kansas City Chiefs,Philadelphia Eagles,1,17,21,-2.5,45.5,0,0.0,0,11,2023
Detroit Lions,Green Bay Packers,1,22,29,-8.5,46.5,0,0.0,1,12,2023
Dallas Cowboys,Washington Commanders,1,45,10,-13.5,47.5,1,1.0,1,12,2023
San Francisco 49ers,Seattle Seahawks,0,31,13,-7.0,43.5,1,1.0,1,12,2023
Miami Dolphins,New York Jets,0,34,13,-9.5,39.5,1,1.0,1,12,2023
New Orleans Saints,Atlanta Falcons,0,15,24,-1.5,40.5,0,0.0,0,12,2023
Pittsburgh Steelers,Cincinnati Bengals,0,16,10,-2.5,35.5,1,1.0,0,12,2023
Jacksonville Jaguars,Houston Texans,0,24,21,-1.5,48.5,1,1.0,0,12,2023
Indianapolis Colts,Tampa Bay Buccaneers,1,27,20,-2.5,44.5,1,1.0,1,12,2023
New England Patriots,New York Giants,0,7,10,-4.0,36.0,0,0.0,0,12,2023
Tennessee Titans,Carolina Panthers,1,17,10,-3.5,36.5,1,1.0,0,12,2023
Los Angeles Rams,Arizona Cardinals,0,37,14,-2.5,45.5,1,1.0,1,12,2023
Denver Broncos,Cleveland Browns,1,29,12,-1.0,37.0,1,1.0,1,12,2023
Kansas City Chiefs,Las Vegas Raiders,0,31,17,-9.5,42.5,1,1.0,1,12,2023
Philadelphia Eagles,Buffalo Bills,1,37,34,-2.5,48.5,1,1.0,1,12,2023
Baltimore Ravens,Los Angeles Chargers,0,20,10,-3.0,48.5,1,1.0,0,12,2023
Minnesota Vikings,Chicago Bears,1,10,12,-3.0,43.5,0,0.0,0,12,2023
Dallas Cowboys,Seattle Seahawks,1,41,35,-9.5,47.5,1,0.0,1,13,2023
Houston Texans,Denver Broncos,1,22,17,-3.5,47.0,1,1.0,0,13,2023
Los Angeles Chargers,New England Patriots,0,6,0,-4.5,39.0,1,1.0,0,13,2023
Detroit Lions,New Orleans Saints,0,33,28,-4.0,48.0,1,1.0,1,13,2023
Atlanta Falcons,New York Jets,0,13,8,-2.0,33.0,1,1.0,0,13,2023
Pittsburgh Steelers,Arizona Cardinals,1,10,24,-6.0,41.0,0,0.0,0,13,2023
Indianapolis Colts,Tennessee Titans,0,31,28,-1.5,42.5,1,1.0,1,13,2023
Miami Dolphins,Washington Commanders,0,45,15,-8.5,49.5,1,1.0,1,13,2023
Tampa Bay Buccaneers,Carolina Panthers,1,21,18,-3.5,37.0,1,0.0,1,13,2023
Los Angeles Rams,Cleveland Browns,1,36,19,-3.5,39.5,1,1.0,1,13,2023
San Francisco 49ers,Philadelphia Eagles,0,42,19,-3.0,46.5,1,1.0,1,13,2023
Kansas City Chiefs,Green Bay Packers,0,19,27,-5.5,43.5,0,0.0,1,13,2023
Jacksonville Jaguars,Cincinnati Bengals,1,31,34,-10.0,40.5,0,0.0,1,13,2023
Pittsburgh Steelers,New England Patriots,1,18,21,-5.5,30.5,0,0.0,1,14,2023
Atlanta Falcons,Tampa Bay Buccaneers,1,25,29,-1.5,41.5,0,0.0,1,14,2023
Baltimore Ravens,Los Angeles Rams,1,37,31,-7.5,42.0,1,0.0,1,14,2023
Detroit Lions,Chicago Bears,0,13,28,-3.0,44.5,0,0.0,0,14,2023
Cincinnati Bengals,Indianapolis Colts,1,34,14,-3.0,44.5,1,1.0,1,14,2023
Cleveland Browns,Jacksonville Jaguars,1,31,27,-2.5,37.5,1,1.0,1,14,2023
New Orleans Saints,Carolina Panthers,1,28,6,-6.0,38.5,1,1.0,0,14,2023
Houston Texans,New York Jets,0,6,30,-3.0,33.5,0,0.0,1,14,2023
Minnesota Vikings,Las Vegas Raiders,0,3,0,-3.0,40.5,1,0.0,0,14,2023
San Francisco 49ers,Seattle Seahawks,1,28,16,-14.5,44.5,1,0.0,0,14,2023
Kansas City Chiefs,Buffalo Bills,1,17,20,-1.5,49.0,0,0.0,0,14,2023
Los Angeles Chargers,Denver Broncos,1,7,24,-3.0,44.5,0,0.0,0,14,2023
Dallas Cowboys,Philadelphia Eagles,1,33,13,-3.5,52.5,1,1.0,0,14,2023
Miami Dolphins,Tennessee Titans,1,27,28,-13.5,44.5,0,0.0,1,14,2023
Green Bay Packers,New York Giants,0,22,24,-5.5,37.5,0,0.0,1,14,2023
Las Vegas Raiders,Los Angeles Chargers,1,63,21,-3.0,36.0,1,1.0,1,15,2023
Cincinnati Bengals,Minnesota Vikings,1,27,24,-3.0,41.5,1,0.0,1,15,2023
Indianapolis Colts,Pittsburgh Steelers,1,30,13,-1.5,41.5,1,1.0,1,15,2023
Detroit Lions,Denver Broncos,1,42,17,-5.5,49.0,1,1.0,1,15,2023
Atlanta Falcons,Carolina Panthers,0,7,9,-3.0,32.5,0,0.0,0,15,2023
Cleveland Browns,Chicago Bears,1,20,17,-2.5,38.0,1,1.0,0,15,2023
Green Bay Packers,Tampa Bay Buccaneers,1,20,34,-3.5,41.5,0,0.0,1,15,2023
Miami Dolphins,New York Jets,1,30,0,-7.0,35.5,1,1.0,0,15,2023
Kansas City Chiefs,New England Patriots,0,27,17,-10.0,39.5,1,0.0,1,15,2023
New Orleans Saints,New York Giants,1,24,6,-6.0,39.5,1,1.0,0,15,2023
Tennessee Titans,Houston Texans,1,16,19,-3.0,38.0,0,0.0,0,15,2023
San Francisco 49ers,Arizona Cardinals,0,45,29,-12.0,48.0,1,1.0,1,15,2023
Los Angeles Rams,Washington Commanders,1,28,20,-6.5,48.5,1,1.0,0,15,2023
Buffalo Bills,Dallas Cowboys,1,31,10,-2.5,49.0,1,1.0,0,15,2023
Baltimore Ravens,Jacksonville Jaguars,0,23,7,-4.0,42.0,1,1.0,0,15,2023
Philadelphia Eagles,Seattle Seahawks,0,17,20,-5.5,46.0,0,0.0,0,15,2023
Los Angeles Rams,New Orleans Saints,1,30,22,-4.0,45.5,1,1.0,1,16,2023
Cincinnati Bengals,Pittsburgh Steelers,0,11,34,-3.0,39.0,0,0.0,1,16,2023
Buffalo Bills,Los Angeles Chargers,0,24,22,-12.5,44.5,1,0.0,1,16,2023
Atlanta Falcons,Indianapolis Colts,1,29,10,-2.5,44.5,1,1.0,0,16,2023
Green Bay Packers,Carolina Panthers,0,33,30,-3.5,39.5,1,0.0,1,16,2023
Cleveland Browns,Houston Texans,0,36,22,-3.0,40.0,1,1.0,1,16,2023
Detroit Lions,Minnesota Vikings,0,30,24,-2.5,47.5,1,1.0,1,16,2023
New York Jets,Washington Commanders,1,30,28,-3.0,36.5,1,0.0,1,16,2023
Seattle Seahawks,Tennessee Titans,0,20,17,-3.0,42.5,1,0.0,0,16,2023
Jacksonville Jaguars,Tampa Bay Buccaneers,0,12,30,-2.5,43.5,0,0.0,0,16,2023
Chicago Bears,Arizona Cardinals,1,27,16,-4.5,42.5,1,1.0,1,16,2023
Miami Dolphins,Dallas Cowboys,1,22,20,-1.5,48.5,1,1.0,0,16,2023
Denver Broncos,New England Patriots,1,23,26,-7.0,37.0,0,0.0,1,16,2023
Kansas City Chiefs,Las Vegas Raiders,1,14,20,-10.5,40.5,0,0.0,0,16,2023
Philadelphia Eagles,New York Giants,1,33,25,-14.0,41.5,1,0.0,1,16,2023
San Francisco 49ers,Baltimore Ravens,1,19,33,-6.5,47.0,0,0.0,1,16,2023
Cleveland Browns,New York Jets,1,37,20,-7.0,33.5,1,1.0,1,17,2023
Dallas Cowboys,Detroit Lions,1,20,19,-5.0,53.5,1,0.0,0,17,2023
Baltimore Ravens,Miami Dolphins,1,56,19,-3.5,46.5,1,1.0,1,17,2023
Buffalo Bills,New England Patriots,1,27,21,-14.5,40.0,1,0.0,1,17,2023
Chicago Bears,Atlanta Falcons,1,37,17,-2.5,39.0,1,1.0,1,17,2023
Houston Texans,Tennessee Titans,1,26,3,-5.5,44.0,1,1.0,0,17,2023
Indianapolis Colts,Las Vegas Raiders,1,23,20,-3.5,42.5,1,0.0,1,17,2023
Jacksonville Jaguars,Carolina Panthers,1,26,0,-3.5,38.5,1,1.0,0,17,2023
Los Angeles Rams,New York Giants,0,26,25,-6.5,43.5,1,0.0,1,17,2023
Philadelphia Eagles,Arizona Cardinals,1,31,35,-12.5,48.0,0,0.0,1,17,2023
Tampa Bay Buccaneers,New Orleans Saints,1,13,23,-2.5,42.5,0,0.0,0,17,2023
San Francisco 49ers,Washington Commanders,0,27,10,-14.0,48.5,1,1.0,0,17,2023
Seattle Seahawks,Pittsburgh Steelers,1,23,30,-4.5,40.5,0,0.0,1,17,2023
Denver Broncos,Los Angeles Chargers,1,16,9,-3.5,39.5,1,1.0,0,17,2023
Kansas City Chiefs,Cincinnati Bengals,1,25,17,-7.0,45.5,1,1.0,0,17,2023
Minnesota Vikings,Green Bay Packers,1,10,33,-1.5,42.5,0,0.0,1,17,2023
Pittsburgh Steelers,Baltimore Ravens,0,17,10,-3.0,34.0,1,1.0,0,18,2023
Houston Texans,Indianapolis Colts,0,23,19,-1.5,47.5,1,1.0,0,18,2023
Tampa Bay Buccaneers,Carolina Panthers,0,9,0,-4.0,36.5,1,1.0,0,18,2023
Cincinnati Bengals,Cleveland Browns,1,31,14,-7.5,37.0,1,1.0,1,18,2023
Detroit Lions,Minnesota Vikings,1,30,20,-3.5,47.5,1,1.0,1,18,2023
New England Patriots,New York Jets,1,3,17,-2.0,28.5,0,0.0,0,18,2023
New Orleans Saints,Atlanta Falcons,1,48,17,-3.0,42.0,1,1.0,1,18,2023
Jacksonville Jaguars,Tennessee Titans,0,20,28,-3.5,41.5,0,0.0,1,18,2023
Seattle Seahawks,Arizona Cardinals,0,21,20,-3.0,47.5,1,0.0,0,18,2023
Green Bay Packers,Chicago Bears,1,17,9,-3.0,46.0,1,1.0,0,18,2023
Las Vegas Raiders,Denver Broncos,1,27,14,-3.0,37.5,1,1.0,1,18,2023
Los Angeles Chargers,Kansas City Chiefs,1,12,13,-3.5,35.0,0,0.0,0,18,2023
Philadelphia Eagles,New York Giants,0,10,27,-5.0,42.5,0,0.0,0,18,2023
San Francisco 49ers,Los Angeles Rams,1,20,21,-5.5,40.0,0,0.0,1,18,2023
Dallas Cowboys,Washington Commanders,0,38,10,-13.0,47.5,1,1.0,1,18,2023
Buffalo Bills,Miami Dolphins,0,21,14,-2.5,48.0,1,1.0,0,18,2023
